#{"t_start": 1763986114.3225334, "env_id": "None"}
r,l,t
3.240735,24,0.118816
-1.570783,24,0.204706
2.152899,24,0.290033
1.92312,24,0.387594
0.238299,24,0.478934
-0.330429,24,0.584181
2.05363,24,0.663119
0.320836,24,0.735968
1.617837,24,0.807054
-1.01501,24,0.902074
1.618332,24,1.003018
-0.966671,24,1.080464
-0.533257,24,1.158594
-0.210158,24,1.230023
0.429588,24,1.296902
-0.797648,24,1.37401
1.25161,24,1.445475
0.056322,24,1.524645
-0.973241,24,1.601989
2.221942,24,1.671203
0.385974,24,1.763907
0.412463,24,1.831678
2.216127,24,1.900023
-1.16148,24,1.973681
0.005207,24,2.042779
-0.001984,24,2.1233
1.807679,24,2.199124
1.036974,24,2.277922
1.246048,24,2.347369
0.754319,24,2.421041
3.051514,24,2.499585
-0.106455,24,2.580034
0.282284,24,2.750012
-0.046454,24,2.852907
1.433396,24,2.933901
2.029965,24,3.021089
-0.681415,24,3.109031
0.286667,24,3.191129
3.178682,24,3.271123
1.953701,24,3.352896
2.37846,24,3.459063
0.856892,24,3.531137
0.676461,24,3.611045
1.954861,24,3.691194
1.235172,24,3.774873
0.532326,24,3.854514
0.072481,24,3.931136
-1.573647,24,4.011143
1.203301,24,4.091124
2.150865,24,4.171057
0.097913,24,4.265252
0.288407,24,4.338929
-0.667997,24,4.433182
-0.522861,24,4.500148
-1.040483,24,4.571123
0.054657,24,4.671092
0.584446,24,4.76015
0.534837,24,4.841085
0.291373,24,4.921068
-0.519193,24,5.001178
-0.381013,24,5.086199
-0.055955,24,5.17109
-1.824479,24,5.252808
-0.003977,24,5.333707
1.185257,24,5.409076
0.319065,24,5.483447
0.230054,24,5.571041
0.506372,24,5.653035
0.819476,24,5.720231
2.052438,24,5.808914
1.976235,24,5.899369
-0.758983,24,5.992844
0.379455,24,6.063894
0.202613,24,6.151045
-0.039403,24,6.26907
0.502528,24,6.402373
0.63642,24,6.484199
2.398562,24,6.54818
0.798855,24,6.633268
0.834991,24,6.714004
1.459494,24,6.811063
-1.230004,24,6.89448
-0.121406,24,6.970142
0.324795,24,7.061109
0.65653,24,7.152682
0.443406,24,7.243717
3.200844,24,7.338866
2.727043,24,7.419331
-0.245748,24,7.514734
2.560359,24,7.600057
1.477034,24,7.699766
1.098289,24,7.787806
2.764692,24,7.87143
0.874976,24,7.950554
-0.568619,24,8.039118
2.581586,24,8.124624
0.653586,24,8.202246
1.987048,24,8.291257
1.262713,24,8.361079
-0.152029,24,8.441061
1.234479,24,8.533706
1.590921,24,8.608906
1.149582,24,8.69112
0.140997,24,8.770539
1.385172,24,8.851249
-0.671058,24,8.941142
0.830526,24,9.021034
-1.507052,24,9.102697
1.018728,24,9.190287
2.180351,24,9.260058
0.825019,24,9.371078
-0.776696,24,9.461595
1.662617,24,9.541185
0.515991,24,9.623202
4.345187,24,9.709121
2.317922,24,9.801128
1.961315,24,9.899246
-0.412571,24,9.961003
-0.693568,24,10.041019
0.829604,24,10.136062
-0.744582,24,10.231191
2.480922,24,10.311146
1.019266,24,10.383717
0.038556,24,10.469069
1.229738,24,10.542765
1.238937,24,10.634171
2.396736,24,10.718882
-0.271617,24,10.800149
-0.296042,24,10.883962
1.439505,24,10.961116
-1.613003,24,11.061091
2.87221,24,11.143904
-0.326161,24,11.230098
1.806673,24,11.312575
1.530971,24,11.392464
-0.573478,24,11.491128
1.680294,24,11.572478
1.198776,24,11.654199
1.012882,24,11.740077
0.854573,24,11.822478
0.372037,24,11.909322
0.512285,24,11.99313
1.6613,24,12.063616
1.205375,24,12.139183
0.381025,24,12.221028
0.61066,24,12.315352
-0.698731,24,12.398851
-0.006005,24,12.487689
-2.348386,24,12.568934
-0.340969,24,12.641109
0.763225,24,12.729089
-1.34219,24,12.811091
-1.078986,24,12.891102
1.886675,24,12.973464
1.065097,24,13.05916
0.971418,24,13.141186
0.984081,24,13.221816
-1.301435,24,13.311074
-0.43293,24,13.391149
0.394035,24,13.471078
-0.598994,24,13.571101
-0.169598,24,13.651111
1.966622,24,13.734053
-0.323874,24,13.800784
1.702436,24,13.883254
0.567998,24,13.978203
1.15244,24,14.06161
-1.144369,24,14.144934
1.028188,24,14.231083
-0.127999,24,14.310058
1.903778,24,14.383733
-0.649875,24,14.469388
0.816339,24,14.549143
0.540878,24,14.621293
0.981001,24,14.701146
-0.895027,24,14.791671
3.379096,24,14.878878
1.690092,24,14.941143
-0.688628,24,15.019486
0.13125,24,15.093087
2.293752,24,15.184064
-0.32974,24,15.261188
-0.431398,24,15.339355
0.468962,24,15.431125
-0.131508,24,15.511104
-1.375318,24,15.59841
-0.282968,24,15.684579
0.09079,24,15.783647
1.074038,24,15.861068
0.184102,24,15.942052
0.150336,24,16.034754
2.293085,24,16.111067
-0.160013,24,16.201146
0.887611,24,16.281082
1.247781,24,16.359409
1.99073,24,16.448984
-0.44158,24,16.528206
0.18711,24,16.601125
0.136932,24,16.683727
2.676784,24,16.76156
0.503545,24,16.841161
1.342159,24,16.933487
-0.258667,24,17.010064
1.779732,24,17.101946
-1.396307,24,17.186615
0.997111,24,17.281054
1.730167,24,17.358984
-1.244455,24,17.471174
-0.667495,24,17.587159
-0.895388,24,17.696701
0.989409,24,17.819913
-0.593645,24,17.899168
-0.759553,24,17.983287
1.29484,24,18.071107
1.007207,24,18.153003
0.802822,24,18.233034
0.245825,24,18.3163
1.285793,24,18.393698
-1.662676,24,18.483666
2.201601,24,18.577053
0.574648,24,18.703098
-1.246199,24,18.83299
-1.299677,24,18.927972
0.296002,24,19.03443
1.955593,24,19.124292
-0.431761,24,19.245102
0.718921,24,19.334218
-0.559075,24,19.404154
0.59994,24,19.495021
0.504028,24,19.595912
1.53236,24,19.68446
1.373091,24,19.803086
-0.65627,24,19.886099
0.867762,24,19.965567
-1.32134,24,20.066611
-0.473934,24,20.159763
0.861637,24,20.239301
-0.505759,24,20.375027
1.769791,24,20.455257
-0.301925,24,20.547416
-0.237778,24,20.627209
0.87978,24,20.708461
-2.180956,24,20.805105
-0.018872,24,20.885111
1.992085,24,20.974248
1.265472,24,21.101184
1.811635,24,21.224803
-0.129888,24,21.356871
-0.948529,24,21.458217
1.123258,24,21.559136
-1.048328,24,21.646941
-0.887673,24,21.726027
0.066242,24,21.849636
0.831537,24,21.916086
0.426736,24,22.173425
1.04,24,22.260607
0.367326,24,22.352534
-0.463747,24,22.48403
1.39218,24,22.545101
-1.043033,24,22.635656
0.969488,24,22.727149
1.786145,24,22.826199
1.608016,24,22.895045
0.287999,24,22.985283
0.66542,24,23.056937
-1.37582,24,23.145053
0.191202,24,23.233015
1.294776,24,23.326112
0.216849,24,23.406935
0.439126,24,23.482983
0.046108,24,23.604912
1.523842,24,23.704786
0.797056,24,23.786077
1.342432,24,23.875312
1.393678,24,23.958102
1.293775,24,24.045645
1.570196,24,24.135117
2.728622,24,24.217618
-0.217651,24,24.29511
2.133907,24,24.394256
-0.331434,24,24.485162
3.497382,24,24.568754
2.075236,24,24.654117
1.405336,24,24.735068
0.464561,24,24.814046
-0.773894,24,24.914069
1.113926,24,24.986126
0.838431,24,25.065127
1.438766,24,25.154036
0.510685,24,25.237593
2.121689,24,25.314493
1.379124,24,25.416989
-0.760388,24,25.55999
1.367454,24,25.665689
-1.156728,24,25.770645
1.553785,24,25.875221
-1.150572,24,25.969297
-0.89204,24,26.060497
-0.431434,24,26.130765
-1.119697,24,26.204165
0.607319,24,26.318147
-0.747658,24,26.435182
1.042705,24,26.535825
0.872576,24,26.652644
1.693808,24,26.735758
1.151533,24,26.83207
1.457428,24,26.927027
2.779932,24,27.018435
2.635601,24,27.1017
0.661188,24,27.189488
-1.728062,24,27.285412
0.371679,24,27.367465
0.178038,24,27.46563
0.69677,24,27.558278
1.937669,24,27.63871
1.76272,24,27.735083
-0.272194,24,27.824621
0.86289,24,27.896803
-0.341874,24,27.995115
-0.018689,24,28.073046
-2.144922,24,28.230718
0.665038,24,28.432913
2.718961,24,28.563007
0.82143,24,28.640331
0.442539,24,28.723265
2.835562,24,28.804248
0.525689,24,28.886278
0.385067,24,28.981063
-0.491063,24,29.144744
1.397578,24,29.264405
0.342024,24,29.40283
0.189378,24,29.482275
-0.022813,24,29.567344
0.773464,24,29.66087
2.416833,24,29.754206
1.317393,24,29.847306
0.241299,24,29.948535
-0.435348,24,30.064898
-1.132849,24,30.257272
-0.354326,24,30.358467
0.836259,24,30.445115
1.198516,24,30.51412
0.928022,24,30.593733
-0.137456,24,30.652518
-1.406254,24,30.745115
1.238475,24,30.845067
0.220986,24,30.935066
0.841087,24,31.019944
-1.30887,24,31.105697
0.234468,24,31.17515
1.059392,24,31.268292
2.066263,24,31.353987
-0.928003,24,31.4351
-0.524639,24,31.525125
1.363458,24,31.605182
2.020517,24,31.705274
0.047199,24,31.783601
1.417164,24,31.875134
2.173502,24,31.952877
0.574702,24,32.032974
0.365662,24,32.122017
2.072382,24,32.195044
1.522104,24,32.273219
0.718565,24,32.355388
1.48266,24,32.438554
2.022603,24,32.534056
1.746484,24,32.605176
-0.125068,24,32.685019
-0.504678,24,32.768255
1.273268,24,32.848102
-0.078066,24,32.934662
0.468297,24,33.025182
1.010829,24,33.105575
1.648222,24,33.194257
1.568066,24,33.273395
0.965368,24,33.385303
-1.462367,24,33.477965
0.648558,24,33.56716
1.792978,24,33.655102
1.300943,24,33.774083
-0.813737,24,33.904086
-0.628918,24,34.015078
0.647089,24,34.105223
1.788905,24,34.177235
-1.403089,24,34.263048
-0.897816,24,34.355686
2.067854,24,34.474164
0.307843,24,34.558338
1.372634,24,34.628011
-0.453564,24,34.696632
1.882833,24,34.785544
1.015414,24,34.873039
1.345007,24,34.963242
0.636894,24,35.045044
2.414607,24,35.131027
1.840714,24,35.226053
2.564395,24,35.306325
0.859662,24,35.386788
-0.563844,24,35.467123
0.962095,24,35.545411
-1.542874,24,35.635034
-0.121617,24,35.70513
1.604372,24,35.78673
-0.606756,24,35.874131
-0.962494,24,35.974129
0.116275,24,36.068111
0.015399,24,36.144088
-1.21777,24,36.224079
-2.754269,24,36.295064
2.862381,24,36.375124
0.943937,24,36.46522
0.485854,24,36.544987
1.01898,24,36.626568
0.014,24,36.705183
2.78943,24,36.79455
0.299798,24,36.889627
1.886068,24,36.978016
0.324923,24,37.059774
0.302929,24,37.135056
-0.518353,24,37.218024
-0.712724,24,37.317437
1.210576,24,37.395257
2.300547,24,37.482812
1.130447,24,37.565126
0.613063,24,37.645133
-1.093783,24,37.745121
-0.590026,24,37.835047
-0.218085,24,37.915065
0.231437,24,37.995128
1.387173,24,38.074177
0.121654,24,38.171057
1.599833,24,38.249931
1.664211,24,38.328291
0.895001,24,38.406055
1.408323,24,38.476748
0.711811,24,38.57814
-0.357282,24,38.667073
0.546634,24,38.745854
-1.509046,24,38.836127
0.676797,24,38.915131
2.587438,24,39.006111
1.079872,24,39.095063
-0.068046,24,39.175148
1.95955,24,39.255874
1.092488,24,39.343082
-0.760961,24,39.436146
0.636826,24,39.523125
1.946025,24,39.605191
1.052783,24,39.688345
-0.702679,24,39.765128
-0.190699,24,39.854343
1.426867,24,39.935075
-0.568797,24,40.015148
1.455716,24,40.095359
-1.053881,24,40.189913
1.709468,24,40.275081
0.772207,24,40.355381
1.019992,24,40.425189
0.850128,24,40.505124
-0.543789,24,40.593357
1.649645,24,40.684203
0.485614,24,40.764104
-0.55153,24,40.844179
1.987433,24,40.905126
0.810442,24,40.985805
0.747807,24,41.074077
-1.442113,24,41.155038
-0.337194,24,41.215117
1.391071,24,41.291066
-0.382634,24,41.366064
0.73912,24,41.462884
1.549794,24,41.542936
2.237898,24,41.623104
-1.443985,24,41.694211
-1.27291,24,41.765326
0.34776,24,41.86519
0.861439,24,41.935145
-1.225406,24,42.025119
2.816224,24,42.095155
-0.05999,24,42.178978
2.018947,24,42.265236
2.113203,24,42.335081
-1.696157,24,42.425274
0.476197,24,42.514116
-0.174599,24,42.597711
-0.857455,24,42.755465
1.709906,24,43.095381
0.91531,24,43.26513
-0.632197,24,43.403327
-2.087506,24,43.744831
3.385636,24,43.958751
-0.888448,24,44.050469
1.334473,24,44.165311
-1.635072,24,44.323147
0.567819,24,44.414835
1.91246,24,44.51934
-0.183192,24,44.605478
2.350934,24,44.693455
1.479632,24,44.77424
1.196486,24,44.855096
-1.57633,24,44.963156
1.392281,24,45.036297
-0.361456,24,45.125204
0.653015,24,45.25074
-0.166483,24,45.33001
2.593082,24,45.437162
1.003598,24,45.517642
1.293288,24,45.595291
0.29035,24,45.676843
3.172542,24,45.755157
0.853276,24,45.847128
-0.485792,24,45.917622
1.128852,24,46.009101
0.517726,24,46.085452
2.394558,24,46.167618
0.745302,24,46.268665
3.66246,24,46.345092
1.317565,24,46.43754
-1.771859,24,46.51957
-0.850347,24,46.594103
1.745128,24,46.685428
1.669965,24,46.765175
0.91433,24,46.837704
-0.35691,24,46.905204
0.445327,24,46.985108
-0.37167,24,47.085106
2.816158,24,47.167565
1.674649,24,47.254393
1.197848,24,47.33515
2.03048,24,47.417729
1.053752,24,47.50824
-0.114454,24,47.59548
3.273371,24,47.667635
2.05756,24,47.753024
1.244884,24,47.825184
0.780782,24,47.922502
3.254386,24,48.004125
-0.660662,24,48.078185
0.932187,24,48.155166
-0.003477,24,48.234099
0.596735,24,48.325193
0.682787,24,48.405206
1.456081,24,48.475074
-0.355487,24,48.553255
-1.041745,24,48.635064
1.085097,24,48.725245
1.238586,24,48.807258
1.084714,24,48.886778
1.385581,24,48.955094
-0.936427,24,49.043947
1.483053,24,49.118882
-0.487017,24,49.205194
-0.992834,24,49.275073
1.967352,24,49.355137
1.702435,24,49.434872
2.021079,24,49.529022
-0.325206,24,49.594652
1.575307,24,49.684254
-0.18815,24,49.755099
-0.964408,24,49.86709
2.511268,24,49.968041
1.342061,24,50.043162
1.709842,24,50.125154
1.526333,24,50.205175
-0.433556,24,50.275079
1.169367,24,50.367422
-0.997427,24,50.445112
1.120607,24,50.52502
-0.134065,24,50.605504
1.267126,24,50.693178
1.304535,24,50.785769
-0.570335,24,50.867593
3.044071,24,50.953296
1.544415,24,51.02512
-0.751315,24,51.105264
-0.816022,24,51.195085
0.720921,24,51.275148
3.109274,24,51.345148
-0.953731,24,51.434092
2.544229,24,51.513601
2.670532,24,51.604087
-0.561062,24,51.675383
1.071759,24,51.74511
0.02631,24,51.83883
-0.247867,24,51.905174
1.310084,24,51.995139
1.385246,24,52.083938
0.330107,24,52.155161
2.275491,24,52.225294
2.312489,24,52.295143
1.037361,24,52.385767
-0.196489,24,52.474128
0.067544,24,52.555573
1.085061,24,52.635136
0.232736,24,52.716538
-2.040406,24,52.81651
1.843017,24,52.886119
1.086971,24,52.975147
1.53898,24,53.046682
1.400204,24,53.134801
0.672173,24,53.217358
0.783345,24,53.30319
1.965961,24,53.378609
-0.652378,24,53.455173
0.167371,24,53.544427
0.005605,24,53.63595
0.402649,24,53.716269
0.423686,24,53.795075
1.923646,24,53.878079
-0.062001,24,53.969647
-0.959573,24,54.055075
1.287121,24,54.148108
1.660952,24,54.225077
2.520364,24,54.305214
-0.402138,24,54.385126
1.441377,24,54.46726
2.093705,24,54.545169
-1.46536,24,54.636978
0.485635,24,54.711726
-0.09666,24,54.786062
1.249244,24,54.884442
-0.173122,24,54.968659
1.711455,24,55.055171
1.84866,24,55.134152
-0.064536,24,55.217232
-0.87381,24,55.30517
1.734751,24,55.395302
-2.153538,24,55.474212
-1.3035,24,55.549218
1.059655,24,55.625175
0.251586,24,55.717175
1.212018,24,55.799494
1.67168,24,55.87711
1.800561,24,55.955084
-1.41589,24,56.035336
-0.663781,24,56.13815
-1.147755,24,56.205222
2.043696,24,56.275154
1.019259,24,56.367209
-0.463274,24,56.454183
0.21706,24,56.550136
1.443377,24,56.625072
0.929363,24,56.69513
-0.831594,24,56.775417
-0.307711,24,56.845085
1.711095,24,56.938141
0.183657,24,57.023578
0.661133,24,57.1347
0.942239,24,57.217104
1.36662,24,57.297139
-0.200046,24,57.375084
0.53004,24,57.455077
0.738908,24,57.545142
-0.390503,24,57.624255
-0.132257,24,57.705127
0.672069,24,57.804107
0.554788,24,57.875118
-0.12539,24,57.955092
0.836339,24,58.045175
2.064987,24,58.117117
2.571663,24,58.217262
1.351492,24,58.297977
0.054606,24,58.367249
-1.585834,24,58.443217
-1.386223,24,58.517082
0.325125,24,58.605189
1.106502,24,58.695144
1.059054,24,58.775077
2.537778,24,58.854225
0.506822,24,58.925343
1.83152,24,59.014103
-0.500809,24,59.078886
-0.707673,24,59.15513
1.146945,24,59.246087
0.98465,24,59.327613
1.067162,24,59.421264
2.092674,24,59.502955
0.409369,24,59.575745
0.160565,24,59.677588
-0.881013,24,59.75512
0.110849,24,59.84612
1.014739,24,59.925131
1.345365,24,60.004535
0.022071,24,60.085788
-0.063749,24,60.16697
-1.751574,24,60.264109
2.656926,24,60.335089
1.455994,24,60.410019
-0.324943,24,60.485837
2.680808,24,60.566955
0.922424,24,60.64549
0.737485,24,60.725215
-0.963279,24,60.805202
0.537078,24,60.875064
0.647634,24,60.957902
1.164948,24,61.045034
2.633354,24,61.125218
1.631443,24,61.205091
2.333243,24,61.275147
0.559525,24,61.354103
-1.45306,24,61.435067
0.594704,24,61.505241
0.327281,24,61.575091
1.108578,24,61.655178
1.257112,24,61.738096
1.783895,24,61.825088
1.922068,24,61.897581
0.827686,24,61.986411
0.242469,24,62.065885
-0.264313,24,62.138276
1.252742,24,62.226086
0.228234,24,62.314201
-0.077768,24,62.385211
-2.037793,24,62.463113
-0.335036,24,62.545485
1.136886,24,62.635317
1.76305,24,62.715908
1.297399,24,62.8052
0.212525,24,62.894661
0.463122,24,62.977707
-0.155873,24,63.066873
-1.863299,24,63.145287
1.019539,24,63.225153
-1.086613,24,63.305212
0.0137,24,63.384114
1.01998,24,63.46684
0.4994,24,63.545124
2.547543,24,63.634892
1.348429,24,63.714884
1.25051,24,63.793215
2.479014,24,63.873304
0.840766,24,63.955105
0.584249,24,64.034877
-0.334931,24,64.133735
2.619578,24,64.255096
0.089316,24,64.356754
2.040713,24,64.434499
2.155322,24,64.505209
0.125114,24,64.595149
1.107768,24,64.678015
0.881869,24,64.775106
0.269686,24,64.845154
0.901035,24,64.916705
1.000432,24,64.995101
1.39461,24,65.082976
1.62944,24,65.166788
-0.158549,24,65.257559
-0.241538,24,65.326082
2.879738,24,65.405255
0.753756,24,65.477131
1.308812,24,65.585093
0.613247,24,65.655182
2.359352,24,65.727331
-1.564623,24,65.805221
-1.269427,24,65.885576
-0.065682,24,65.980478
0.610246,24,66.065088
-0.894679,24,66.145142
2.518762,24,66.23511
1.150355,24,66.335219
2.656283,24,66.425234
-0.892585,24,66.50583
0.121994,24,66.585152
2.659436,24,66.674531
2.405633,24,66.764445
1.485161,24,66.845108
1.672804,24,66.91551
1.264567,24,66.988503
2.556667,24,67.069217
0.679483,24,67.15409
-1.316068,24,67.246113
1.752718,24,67.334232
0.099631,24,67.417919
1.557755,24,67.507053
2.128833,24,67.599154
0.915864,24,67.69822
1.783128,24,67.783988
-0.945207,24,67.855081
1.776464,24,67.935213
1.259775,24,68.005108
-0.29591,24,68.102498
1.942421,24,68.19411
3.016947,24,68.265206
1.569648,24,68.345105
0.390408,24,68.433712
1.863018,24,68.535113
2.775336,24,68.614115
2.187584,24,68.695125
-1.70748,24,68.77513
-0.350213,24,68.868893
1.383335,24,68.954089
0.727879,24,69.025151
-0.086798,24,69.106097
0.978387,24,69.18509
2.323942,24,69.255175
0.424595,24,69.345271
-0.498613,24,69.425205
0.248396,24,69.517619
1.385096,24,69.594142
-1.464061,24,69.655186
-0.156433,24,69.745462
2.130209,24,69.835138
1.400432,24,69.905385
0.653253,24,70.000057
2.066502,24,70.075129
2.91149,24,70.165206
2.836907,24,70.253316
0.162421,24,70.333308
-1.33945,24,70.395855
-0.29741,24,70.475176
0.30683,24,70.574137
-1.152113,24,70.652416
1.521205,24,70.735152
1.931879,24,70.81513
0.679476,24,70.892843
1.839553,24,70.984249
0.150709,24,71.065446
-0.006469,24,71.142955
3.381377,24,71.226111
1.512419,24,71.305228
2.133171,24,71.403112
0.770243,24,71.478367
2.483093,24,71.555189
1.456011,24,71.635092
-0.015945,24,71.715109
1.349352,24,71.813496
1.039937,24,71.904178
2.517429,24,71.973131
0.355681,24,72.055161
0.813431,24,72.13511
1.477986,24,72.219412
0.279661,24,72.304276
-0.317395,24,72.383785
0.050807,24,72.464473
1.070391,24,72.538465
1.994131,24,72.625215
2.319837,24,72.705136
1.864193,24,72.795076
-2.025491,24,72.86508
-0.605442,24,72.945448
0.757032,24,73.035444
0.085991,24,73.115385
1.484492,24,73.19713
1.152563,24,73.276454
1.716916,24,73.35435
2.325255,24,73.446141
1.113075,24,73.516535
1.938444,24,73.595142
0.27488,24,73.683128
0.053884,24,73.753059
0.83338,24,73.83565
0.048808,24,73.915294
-2.436923,24,74.003104
1.253761,24,74.075073
2.844083,24,74.145123
-0.230631,24,74.25509
-0.154819,24,74.334361
0.026294,24,74.414924
-0.033888,24,74.485124
-1.620217,24,74.575107
0.580663,24,74.66522
-0.08661,24,74.745073
3.12534,24,74.814396
-0.040584,24,74.895171
-0.799169,24,74.985218
1.555031,24,75.106681
1.145606,24,75.193591
1.87689,24,75.274175
0.40569,24,75.345101
0.845368,24,75.435233
-0.943995,24,75.537067
-0.750259,24,75.625267
2.245896,24,75.707346
-1.437537,24,75.786818
1.786828,24,75.864511
0.758904,24,75.954018
0.654357,24,76.025183
-0.126232,24,76.107897
-1.066619,24,76.185061
2.219758,24,76.264707
-0.186333,24,76.355176
-1.260873,24,76.443164
0.287483,24,76.516305
2.133632,24,76.597402
-0.880439,24,76.675108
1.060627,24,76.762827
1.238362,24,76.830118
1.431399,24,76.901108
1.55345,24,76.954162
1.02171,24,77.011484
-0.025316,24,77.071225
1.018366,24,77.135037
1.703637,24,77.206175
-1.299319,24,77.264058
3.320506,24,77.324058
1.404238,24,77.397391
0.169273,24,77.467188
-0.397794,24,77.529719
2.365879,24,77.588166
2.016664,24,77.644051
0.696477,24,77.714119
-1.717493,24,77.774128
1.534755,24,77.845073
0.93038,24,77.903986
1.22237,24,77.967727
-1.429096,24,78.035794
-0.702947,24,78.097662
-0.48122,24,78.165579
-0.161375,24,78.236117
2.617774,24,78.398994
-1.303319,24,78.491324
-0.636728,24,78.574148
-0.811664,24,78.655188
-0.286482,24,78.744143
2.691841,24,78.824192
0.694171,24,78.925095
1.130084,24,79.004128
-0.05209,24,79.075295
0.675791,24,79.152651
-0.054272,24,79.234891
0.536289,24,79.323032
0.92555,24,79.395164
1.2325,24,79.475148
-0.159263,24,79.553152
2.00071,24,79.625234
-0.019026,24,79.724089
2.411353,24,79.795199
-0.249557,24,79.87862
1.9995,24,79.946646
-0.593947,24,80.025232
1.17113,24,80.115699
0.474842,24,80.186448
2.772078,24,80.279705
0.640482,24,80.377575
2.166425,24,80.455151
1.809111,24,80.535142
0.630173,24,80.606529
1.383593,24,80.695161
1.610455,24,80.773123
0.987106,24,80.85319
1.369924,24,80.946143
-0.9829,24,81.025345
1.123519,24,81.105189
-0.774131,24,81.188153
1.315106,24,81.26522
0.499001,24,81.363433
-0.548091,24,81.445177
1.635418,24,81.525233
-1.191446,24,81.605214
1.019992,24,81.694304
-0.183759,24,81.775061
0.82278,24,81.848312
1.496687,24,81.915389
1.553257,24,82.014147
1.45958,24,82.095192
-1.062039,24,82.188155
1.92188,24,82.263185
-0.002787,24,82.335176
1.712463,24,82.425163
0.472217,24,82.512987
1.323002,24,82.609977
-0.722474,24,82.685206
-0.669959,24,82.755345
1.050171,24,82.835154
1.15416,24,82.915167
-0.73209,24,83.006148
1.044929,24,83.088344
-1.609774,24,83.175091
3.550047,24,83.249318
-1.248623,24,83.325155
0.811891,24,83.415194
-1.403782,24,83.49463
1.918388,24,83.575228
-1.552187,24,83.65508
3.119181,24,83.743543
-0.138715,24,83.835083
0.198523,24,83.923249
0.616004,24,84.003206
0.142398,24,84.075104
1.368505,24,84.155098
0.855394,24,84.254121
0.240215,24,84.335605
1.599433,24,84.415111
1.005832,24,84.504101
2.117289,24,84.577604
-1.50568,24,84.676881
-0.619492,24,84.746116
1.581578,24,84.831067
-0.41669,24,84.92524
-0.574116,24,85.011058
2.114786,24,85.10533
1.394494,24,85.199553
2.90985,24,85.277424
2.401566,24,85.355175
-0.208122,24,85.43519
1.935066,24,85.525348
-0.410151,24,85.605237
1.354304,24,85.693144
1.192131,24,85.785163
-0.01876,24,85.864535
1.783534,24,85.945471
-0.754575,24,86.025232
0.889935,24,86.113386
3.147173,24,86.183777
0.982072,24,86.265127
0.492104,24,86.365132
-0.573468,24,86.447138
1.089304,24,86.517107
1.629502,24,86.598193
-0.422559,24,86.672397
2.08436,24,86.745219
-0.635434,24,86.831693
-0.962609,24,86.905243
0.039336,24,86.974246
1.748739,24,87.0631
1.487673,24,87.144152
1.153451,24,87.22302
-0.310176,24,87.295183
0.737153,24,87.387923
2.290797,24,87.455342
0.942437,24,87.54525
2.388477,24,87.62616
0.367742,24,87.694818
0.693839,24,87.754771
-1.69817,24,87.835377
-0.709258,24,87.933784
0.955737,24,88.013389
-0.920402,24,88.095181
0.742593,24,88.175174
0.375823,24,88.25511
1.403967,24,88.355141
0.10184,24,88.435133
0.817671,24,88.537099
-0.134268,24,88.614548
-2.046306,24,88.705095
0.967042,24,88.803266
2.158284,24,88.87519
2.054009,24,88.953362
2.455284,24,89.026133
1.897204,24,89.103151
-1.318713,24,89.184814
1.158846,24,89.255194
-0.249353,24,89.35526
1.250864,24,89.445447
1.025247,24,89.525185
1.650695,24,89.624271
0.063759,24,89.694069
1.149788,24,89.765218
2.34955,24,89.848048
1.492276,24,90.045731
0.476991,24,90.13858
0.000193,24,90.205107
0.856397,24,90.285092
2.43669,24,90.363494
0.973327,24,90.43477
2.22608,24,90.534922
0.759422,24,90.618357
2.296506,24,90.703124
-0.45347,24,90.784238
0.614744,24,90.86545
0.503881,24,90.956822
-1.548136,24,91.035139
-1.692225,24,91.115159
0.990487,24,91.195162
2.798552,24,91.27432
0.497697,24,91.366222
2.009083,24,91.443124
-0.790432,24,91.514527
0.953945,24,91.603298
1.465293,24,91.680677
1.158538,24,91.755135
0.502746,24,91.835155
2.321508,24,91.915614
0.874111,24,91.997099
0.851935,24,92.066226
1.584308,24,92.162996
1.552904,24,92.245494
0.914933,24,92.315315
0.319134,24,92.39683
0.549686,24,92.470349
0.285339,24,92.565235
-1.118076,24,92.644271
-0.943647,24,92.725222
2.64154,24,92.823268
1.397778,24,92.90609
1.869584,24,93.005315
0.69977,24,93.085284
-0.624376,24,93.173968
1.775103,24,93.245155
2.027321,24,93.315279
0.658498,24,93.395176
-0.534089,24,93.465332
1.52457,24,93.548983
1.415935,24,93.62419
1.811027,24,93.695278
-0.492878,24,93.792928
-0.223073,24,93.864794
0.667807,24,93.94529
0.922112,24,94.025235
1.966806,24,94.095304
3.112793,24,94.195144
0.145045,24,94.273211
0.767779,24,94.354697
-0.417637,24,94.426165
0.632625,24,94.501744
1.055825,24,94.575195
1.976995,24,94.659893
1.337933,24,94.745171
0.931919,24,94.824303
0.243161,24,94.89448
1.343268,24,94.988767
0.752948,24,95.069283
0.473742,24,95.148624
-0.138773,24,95.223294
1.281792,24,95.305235
1.345987,24,95.404197
0.077635,24,95.473176
0.977975,24,95.555154
1.882039,24,95.6252
3.577426,24,95.714656
3.215124,24,95.805232
2.845954,24,95.875183
-1.4226,24,95.958701
0.40184,24,96.035089
0.418841,24,96.106186
1.662803,24,96.199181
1.739068,24,96.266238
-1.255114,24,96.345171
0.173507,24,96.431206
0.407059,24,96.533741
1.579247,24,96.625241
0.607043,24,96.713363
0.503651,24,96.783209
0.765249,24,96.863619
-0.500037,24,96.942993
0.625607,24,97.034189
1.77264,24,97.125107
-1.559694,24,97.193355
0.426033,24,97.265206
-0.261259,24,97.353972
0.989352,24,97.435117
2.669807,24,97.515183
-1.068613,24,97.59496
1.758516,24,97.674291
-0.406546,24,97.756697
0.741733,24,97.825337
2.230286,24,97.915359
-0.65212,24,98.003202
1.429973,24,98.078888
-1.175697,24,98.146113
1.771445,24,98.244121
2.775555,24,98.305308
1.721412,24,98.386125
0.505342,24,98.465401
0.918257,24,98.549884
-0.258115,24,98.635084
2.341921,24,98.725228
0.637562,24,98.804188
0.672515,24,98.880272
1.486172,24,98.954157
1.218227,24,99.035199
1.376521,24,99.105301
-1.327213,24,99.195089
-0.875644,24,99.275109
-1.630794,24,99.355128
1.034037,24,99.438789
1.875236,24,99.534125
0.890097,24,99.605488
2.176631,24,99.685227
-0.329933,24,99.756944
-1.486521,24,99.845433
2.067635,24,99.924206
2.007783,24,100.00414
2.097572,24,100.085247
-1.779116,24,100.176063
-0.124289,24,100.264259
-1.250269,24,100.360942
1.050586,24,100.44562
-0.96125,24,100.525886
0.293572,24,100.613483
1.834178,24,100.700394
1.385647,24,100.78337
1.08814,24,100.85519
2.465924,24,100.933782
0.92156,24,101.005223
1.926598,24,101.092947
0.814583,24,101.173185
-0.890944,24,101.245165
1.304269,24,101.315156
1.03748,24,101.394641
2.005789,24,101.67564
0.26953,24,101.950058
-1.086208,24,102.129472
-0.940222,24,102.535283
0.333161,24,102.68316
-0.300166,24,102.785198
-0.881975,24,102.881674
0.04713,24,102.995246
0.091389,24,103.122955
2.370624,24,103.204109
0.846338,24,103.285221
-1.823697,24,103.364189
1.251977,24,103.449321
2.428603,24,103.515094
1.5361,24,103.605174
1.675096,24,103.695126
1.323195,24,103.768886
2.623498,24,103.853068
0.872115,24,103.925241
2.336171,24,104.005122
2.817636,24,104.104491
1.548858,24,104.193315
0.91967,24,104.275168
0.122392,24,104.355189
-0.436039,24,104.445737
-1.61235,24,104.543478
0.092996,24,104.629292
1.560025,24,104.709365
0.207876,24,104.786879
1.404906,24,104.899433
0.797716,24,104.9951
2.274919,24,105.065241
0.307303,24,105.144127
2.199497,24,105.22415
0.488586,24,105.305256
0.572061,24,105.396246
0.328515,24,105.475365
1.225693,24,105.565506
0.67725,24,105.645518
-0.371903,24,105.715226
1.519049,24,105.805346
-1.194457,24,105.889347
1.068282,24,105.964147
-1.137394,24,106.045175
-0.051371,24,106.115437
-0.598801,24,106.20446
2.236628,24,106.265258
0.656228,24,106.345222
1.055473,24,106.42324
1.384617,24,106.495179
2.295062,24,106.584311
0.68742,24,106.689144
-1.037524,24,106.782907
0.276346,24,106.857287
2.123881,24,106.934163
-0.201102,24,107.025479
1.653714,24,107.116097
3.173953,24,107.193644
1.448103,24,107.274422
2.043802,24,107.355128
-0.540984,24,107.455325
1.40084,24,107.534156
-0.09342,24,107.616366
1.523936,24,107.699716
0.874483,24,107.76562
0.630208,24,107.865422
1.421952,24,107.949629
-1.525021,24,108.033026
1.991341,24,108.115769
1.277465,24,108.199968
1.479594,24,108.295125
1.847838,24,108.373094
1.14954,24,108.455168
-0.207752,24,108.53582
2.421358,24,108.6042
0.166462,24,108.687618
0.221237,24,108.765126
1.094512,24,108.833148
1.33728,24,108.915101
-0.000774,24,108.985287
1.365408,24,109.074261
-1.412685,24,109.155127
1.845462,24,109.225217
-1.093983,24,109.298095
1.812848,24,109.375178
0.869743,24,109.465139
1.634048,24,109.553128
1.631535,24,109.620229
-0.172818,24,109.702595
-0.570295,24,109.775352
2.40129,24,109.865302
-0.230078,24,109.944139
1.90291,24,110.015573
-0.411625,24,110.106354
3.119052,24,110.178593
0.060368,24,110.265741
0.749708,24,110.348052
0.177436,24,110.406133
1.708063,24,110.485283
0.882513,24,110.575723
0.338736,24,110.665178
-0.87201,24,110.748016
0.95302,24,110.825251
0.621345,24,110.906697
1.496417,24,110.975187
0.891763,24,111.065544
0.65075,24,111.155244
-0.978692,24,111.243436
1.836595,24,111.315167
0.120313,24,111.407577
1.249555,24,111.485234
0.214855,24,111.565145
-1.036502,24,111.647993
0.21709,24,111.734167
0.476211,24,111.814754
1.318236,24,111.907324
-0.024039,24,111.975202
1.08692,24,112.055438
1.599786,24,112.143365
2.291651,24,112.215165
1.025241,24,112.307907
1.208719,24,112.375089
2.786788,24,112.482537
-0.805157,24,112.575137
2.215697,24,112.655213
2.372596,24,112.747826
1.919448,24,112.825293
0.457798,24,112.907197
1.550503,24,112.985239
1.358016,24,113.065662
1.177379,24,113.155142
1.633346,24,113.235227
2.200711,24,113.315114
-0.072539,24,113.394148
2.999501,24,113.473221
1.17794,24,113.555208
-0.173162,24,113.649143
1.493727,24,113.735273
1.351296,24,113.810931
1.870144,24,113.885699
-0.288795,24,113.975289
1.874341,24,114.0543
-0.067481,24,114.126295
0.989696,24,114.215266
1.43069,24,114.29563
0.830419,24,114.415547
-0.96977,24,114.603266
-1.949942,24,114.728332
2.439655,24,114.795269
2.871501,24,114.865272
-0.692473,24,114.960245
0.059855,24,115.059247
1.617454,24,115.150514
0.27623,24,115.23917
2.853715,24,115.322681
2.501237,24,115.414482
1.74971,24,115.497761
1.842212,24,115.579832
1.532146,24,115.657207
1.366491,24,115.762874
3.184097,24,115.843306
0.168722,24,115.916656
0.789016,24,115.996557
0.761322,24,116.08733
1.369092,24,116.165493
1.874289,24,116.243577
1.346124,24,116.325325
0.49935,24,116.405677
0.871087,24,116.47316
-0.094549,24,116.564141
1.414763,24,116.65521
3.230035,24,116.738012
-0.312327,24,116.825151
1.621094,24,116.905241
0.71478,24,116.985141
0.461658,24,117.075159
2.742806,24,117.164534
1.19851,24,117.245101
-0.193666,24,117.315928
0.933557,24,117.406123
2.827144,24,117.505248
0.848485,24,117.594177
-1.375526,24,117.673265
1.994366,24,117.747419
-1.657936,24,117.818134
1.614019,24,117.905249
1.048114,24,117.999368
-0.224984,24,118.07255
1.568656,24,118.145138
0.71117,24,118.227057
-0.854454,24,118.31458
-1.132986,24,118.399721
2.075562,24,118.475205
0.071921,24,118.555171
1.18153,24,118.637684
1.638246,24,118.735158
-0.067227,24,118.815565
1.947983,24,118.885229
0.143352,24,118.965118
0.091112,24,119.034139
1.978785,24,119.125249
2.329147,24,119.215158
3.189156,24,119.288623
-0.740814,24,119.36515
1.153408,24,119.449729
-0.496419,24,119.535184
1.465595,24,119.624315
0.942849,24,119.686142
-0.772854,24,119.908433
1.071036,24,120.248553
-0.915967,24,120.374216
2.956536,24,120.475253
0.362529,24,120.735526
1.795888,24,121.013748
1.606152,24,121.14778
0.381501,24,121.283297
0.519004,24,121.365533
1.387432,24,121.447543
3.328198,24,121.525265
1.300439,24,121.605262
0.367626,24,121.697566
-1.577433,24,121.775212
-0.319497,24,121.865502
-1.783457,24,121.955133
1.273774,24,122.025279
1.242176,24,122.11548
1.025641,24,122.214481
1.640504,24,122.295351
-1.954418,24,122.506103
-0.549223,24,122.855182
1.53596,24,122.975167
1.257477,24,123.072911
0.309327,24,123.166338
2.405354,24,123.594486
0.098317,24,123.796584
-0.192172,24,123.991867
-0.384359,24,124.34482
1.549242,24,124.485244
0.448852,24,124.596421
0.580171,24,124.685221
0.043191,24,124.796237
1.595441,24,124.88785
-0.512886,24,124.974307
1.185795,24,125.059367
-0.725291,24,125.13823
0.78855,24,125.235128
2.17216,24,125.320577
-0.369044,24,125.385295
1.520033,24,125.473259
-0.352591,24,125.545515
0.757525,24,125.645124
0.919373,24,125.725215
0.370597,24,125.805344
1.093174,24,125.89734
0.591382,24,125.96516
1.072929,24,126.055167
0.133533,24,126.135175
0.624224,24,126.205264
-0.60031,24,126.285253
-0.970606,24,126.355116
2.557933,24,126.453276
0.856139,24,126.527807
-0.465902,24,126.606911
2.773722,24,126.695176
1.848871,24,126.775282
0.037979,24,126.86364
1.351736,24,126.947387
2.777653,24,127.018165
0.088207,24,127.097286
0.639731,24,127.175126
4.116012,24,127.284262
1.101147,24,127.364402
2.35187,24,127.446325
-1.189907,24,127.533651
0.883828,24,127.606272
-0.190393,24,127.693617
0.280608,24,127.764627
1.528509,24,127.834427
0.508298,24,127.913903
1.738675,24,127.996202
2.219545,24,128.085442
1.993553,24,128.146795
1.543439,24,128.207621
0.591784,24,128.274104
1.673028,24,128.341064
2.118745,24,128.413107
-0.974519,24,128.468116
1.935266,24,128.527649
1.325066,24,128.588226
2.109678,24,128.651181
-0.09677,24,128.725802
0.204577,24,128.785456
-0.515945,24,128.850278
1.153842,24,128.917538
0.476267,24,128.97661
1.694865,24,129.046854
1.360586,24,129.106265
1.837307,24,129.177534
1.092634,24,129.250131
3.120769,24,129.30771
-0.269931,24,129.429714
1.041134,24,129.504123
3.124619,24,129.581306
-1.543104,24,129.66574
0.537458,24,129.753287
1.30897,24,129.837245
2.050959,24,129.917274
2.563684,24,130.016702
0.195303,24,130.103157
0.394797,24,130.186124
-1.202128,24,130.283331
0.286024,24,130.37159
-1.371829,24,130.446594
-0.597321,24,130.533695
-0.381903,24,130.613228
-0.463371,24,130.705994
0.281359,24,130.775225
0.016106,24,130.855227
0.729582,24,130.933092
1.892367,24,131.00835
-0.322643,24,131.104271
2.91243,24,131.175198
0.46405,24,131.253188
-0.32741,24,131.325177
0.074531,24,131.417208
1.270738,24,131.507387
-1.244353,24,131.584218
-0.279459,24,131.665344
-1.449826,24,131.744269
-0.046864,24,131.824457
0.819013,24,131.924221
0.259911,24,131.997062
2.460814,24,132.072513
2.338518,24,132.147025
2.402825,24,132.205292
0.433633,24,132.302449
-0.608647,24,132.375195
2.000837,24,132.465132
1.426595,24,132.536803
0.742624,24,132.618558
-0.416087,24,132.714264
2.459787,24,132.785224
0.558871,24,132.857698
2.432474,24,132.925139
1.185353,24,133.005183
2.252836,24,133.097672
2.515405,24,133.184248
-0.273388,24,133.27322
-0.337757,24,133.346997
0.78863,24,133.425211
1.075928,24,133.525255
1.775664,24,133.605201
0.83379,24,133.685317
3.195592,24,133.765325
0.645143,24,133.844605
0.014504,24,133.925202
1.709445,24,134.013505
0.733255,24,134.095206
-0.355398,24,134.165548
2.29315,24,134.244241
1.790784,24,134.34692
1.81415,24,134.426188
0.178158,24,134.519024
1.233901,24,134.585242
3.467269,24,134.66556
0.785328,24,134.755652
0.978003,24,134.840247
2.485886,24,134.921078
0.962172,24,135.005286
1.838002,24,135.09346
0.388885,24,135.1832
1.375947,24,135.258019
0.583821,24,135.345541
0.921078,24,135.425339
2.150102,24,135.495202
1.758637,24,135.583391
-1.17695,24,135.655156
-0.454314,24,135.734529
1.972882,24,135.805269
1.634168,24,135.888556
2.136734,24,135.964286
1.08887,24,136.035215
1.646311,24,136.115562
1.966223,24,136.195943
1.370949,24,136.272984
1.611209,24,136.364289
2.701751,24,136.435171
2.699686,24,136.515419
1.09783,24,136.600896
0.472442,24,136.678132
0.684531,24,136.763424
3.44168,24,136.835541
-0.578517,24,136.924614
1.702687,24,137.005344
1.558687,24,137.085279
1.678074,24,137.173597
0.792908,24,137.255236
0.691518,24,137.335151
1.597159,24,137.417522
1.387561,24,137.495574
0.869644,24,137.587122
1.379406,24,137.672999
0.273668,24,137.753022
-0.531656,24,137.833169
-0.38447,24,137.905116
1.464393,24,137.994146
0.300805,24,138.065513
-1.078928,24,138.135172
1.344299,24,138.215181
3.701394,24,138.295326
2.548071,24,138.393223
1.57941,24,138.467364
-1.070076,24,138.545259
-0.293249,24,138.626171
-1.116245,24,138.704236
3.199332,24,138.798416
1.785998,24,138.855146
0.828083,24,138.941416
2.590057,24,139.059013
-0.333841,24,139.135232
2.483664,24,139.224257
2.288424,24,139.305273
0.096172,24,139.385987
0.388351,24,139.453627
-1.302764,24,139.536878
-0.650303,24,139.625157
-0.28051,24,139.70424
3.188301,24,139.78523
3.347538,24,139.865289
2.088004,24,139.949478
-1.052993,24,140.035194
-1.323898,24,140.10934
-1.610595,24,140.185133
2.823391,24,140.270314
0.816458,24,140.355188
-0.756344,24,140.435227
0.260302,24,140.515282
1.689485,24,140.59669
0.00111,24,140.669973
0.314757,24,140.745262
2.459188,24,140.842172
0.330852,24,140.906154
1.825559,24,140.994362
1.850721,24,141.072367
2.931173,24,141.155194
2.969832,24,141.25329
2.322025,24,141.335202
2.35893,24,141.415181
1.235231,24,141.49558
1.913848,24,141.575164
1.061211,24,141.67417
0.431296,24,141.749403
1.549916,24,141.824152
0.282783,24,141.906459
1.049543,24,141.995158
0.495871,24,142.093431
1.139254,24,142.174185
1.884397,24,142.255126
-0.454085,24,142.338225
1.484551,24,142.427209
0.624053,24,142.515467
-0.383698,24,142.605226
1.020909,24,142.675241
1.019259,24,142.755217
2.89711,24,142.844525
0.391795,24,142.927432
-0.158595,24,143.010349
1.749033,24,143.085335
1.305119,24,143.165455
-0.35931,24,143.248686
3.56851,24,143.325173
-0.594553,24,143.414388
0.025541,24,143.503358
1.878491,24,143.584134
2.39849,24,143.65514
1.269942,24,143.73545
2.65101,24,143.83276
2.94492,24,143.90524
1.816141,24,143.984529
2.755848,24,144.072898
0.543786,24,144.165197
1.243314,24,144.244555
0.286731,24,144.329998
0.39124,24,144.405275
1.522071,24,144.495163
0.395558,24,144.57515
1.967913,24,144.655193
2.240392,24,144.745183
-1.172903,24,144.814137
0.636129,24,144.897092
1.932672,24,144.964282
2.156207,24,145.04125
1.778641,24,145.117827
1.166515,24,145.185235
2.516605,24,145.265303
0.3703,24,145.360903
1.604483,24,145.444231
1.440687,24,145.518398
-0.084482,24,145.595174
0.124798,24,145.684152
-0.590981,24,145.786218
2.149177,24,145.854589
0.889944,24,145.935242
2.797174,24,146.015606
2.0904,24,146.095161
1.809691,24,146.185327
1.908511,24,146.264265
0.800497,24,146.346307
2.396335,24,146.433391
-1.315016,24,146.505205
2.176537,24,146.605192
1.21909,24,146.688642
1.284466,24,146.755146
-1.362099,24,146.845561
2.4056,24,146.915235
-0.163758,24,147.005263
3.271937,24,147.082108
1.918143,24,147.159564
1.685048,24,147.234188
1.960089,24,147.305204
-0.491346,24,147.40287
1.125766,24,147.476275
0.353028,24,147.55495
1.999165,24,147.631043
0.935178,24,147.705322
-0.559335,24,147.804541
1.875305,24,147.886042
1.652664,24,147.965396
1.537269,24,148.034309
-0.850803,24,148.105726
3.109037,24,148.194537
0.844918,24,148.279621
2.04452,24,148.365266
0.688163,24,148.439638
-0.228774,24,148.515457
1.904056,24,148.614777
0.903311,24,148.685208
2.29573,24,148.773129
1.574487,24,148.847962
1.638609,24,148.932916
1.548922,24,149.014476
2.738799,24,149.105133
1.507025,24,149.178626
2.181858,24,149.259515
1.223264,24,149.348282
1.97886,24,149.44548
2.263736,24,149.52526
3.131327,24,149.605196
2.638071,24,149.68444
1.917456,24,149.77518
0.566908,24,149.88527
1.448453,24,149.97512
1.02494,24,150.05419
0.318623,24,150.137156
-0.50579,24,150.227092
-0.333928,24,150.315491
2.222969,24,150.395161
1.628317,24,150.467308
1.577749,24,150.545143
1.852444,24,150.629091
1.844176,24,150.72616
1.787011,24,150.804519
0.728634,24,150.872443
2.528807,24,150.965563
1.084043,24,151.035212
1.392031,24,151.129476
1.15422,24,151.215288
-0.656488,24,151.295504
-0.052988,24,151.374169
2.62424,24,151.455152
2.535968,24,151.545643
0.383201,24,151.633144
-0.064995,24,151.715403
0.454258,24,151.796161
2.003089,24,151.875169
1.522549,24,151.984167
0.622696,24,152.057823
0.820524,24,152.134207
1.767801,24,152.215241
1.282246,24,152.305422
1.963589,24,152.397074
1.447237,24,152.485206
1.379677,24,152.715595
0.048781,24,152.799158
0.33,24,152.875147
1.684204,24,152.965561
1.481813,24,153.04566
1.978377,24,153.136134
3.800063,24,153.204237
2.581376,24,153.2752
1.079374,24,153.367274
1.621504,24,153.446471
1.24811,24,153.529694
1.869374,24,153.612784
0.659913,24,153.714481
3.232434,24,153.812984
1.134295,24,153.879742
2.137535,24,153.95346
2.703147,24,154.054211
2.930125,24,154.138872
1.182145,24,154.228591
0.442029,24,154.305285
0.924195,24,154.398594
0.366996,24,154.473087
-0.880909,24,154.547442
0.785838,24,154.649017
0.564049,24,154.730297
1.387403,24,154.805248
2.750904,24,154.884103
-0.018288,24,154.955904
0.326404,24,155.055186
1.908993,24,155.145541
2.456587,24,155.233467
1.634804,24,155.294609
1.605395,24,155.378401
0.421013,24,155.457973
2.377164,24,155.544544
2.719336,24,155.622471
0.284553,24,155.695672
1.487786,24,155.780503
1.805369,24,155.874179
1.341333,24,155.945245
0.806075,24,156.027893
0.428402,24,156.106165
3.657717,24,156.196064
0.666579,24,156.297793
1.349812,24,156.374471
3.332128,24,156.461668
-1.22877,24,156.545351
1.618245,24,156.616096
0.724419,24,156.724345
1.17388,24,156.808163
1.780907,24,156.889422
0.906425,24,156.974023
1.173192,24,157.061149
2.016219,24,157.155031
3.076366,24,157.235427
-0.022823,24,157.323438
1.128679,24,157.407386
1.198562,24,157.495779
2.06528,24,157.594147
2.802384,24,157.675251
1.834922,24,157.763365
1.207574,24,157.835144
1.589014,24,157.913245
1.149072,24,158.006388
1.530852,24,158.072497
0.475664,24,158.148051
0.606672,24,158.228376
-1.095164,24,158.305221
0.817479,24,158.404467
1.682657,24,158.465282
0.686936,24,158.546139
1.128241,24,158.625551
2.709993,24,158.7163
2.203796,24,158.815184
0.433554,24,158.895162
1.626105,24,158.965374
2.532943,24,159.038174
1.84787,24,159.125684
-0.436999,24,159.225335
0.408449,24,159.295215
1.337382,24,159.375192
0.238831,24,159.44525
-0.031693,24,159.535216
2.501346,24,159.615591
1.590784,24,159.704181
1.277916,24,159.779132
2.328969,24,159.859996
1.805124,24,159.925265
1.776652,24,160.01462
1.847275,24,160.098147
-1.286298,24,160.178129
2.350895,24,160.259556
2.003861,24,160.343297
2.940683,24,160.44627
1.779787,24,160.525242
2.931938,24,160.606141
1.59925,24,160.685307
-0.639809,24,160.765467
1.679066,24,160.865455
-0.461525,24,160.946193
-0.08605,24,161.023149
-1.093864,24,161.103289
1.122479,24,161.175196
-0.073917,24,161.273138
0.269227,24,161.349271
0.042467,24,161.427108
1.332452,24,161.505321
1.048549,24,161.585324
1.40485,24,161.67594
1.348699,24,161.765203
2.587177,24,161.84531
0.222988,24,161.935276
2.103108,24,162.014441
0.69265,24,162.105276
2.336263,24,162.185155
1.986116,24,162.265239
-0.164401,24,162.334825
2.012377,24,162.415248
3.232142,24,162.509654
1.475313,24,162.584597
0.294478,24,162.668526
0.451345,24,162.746266
1.96984,24,162.815244
0.938465,24,162.93718
2.797268,24,163.015168
2.882806,24,163.09572
1.09109,24,163.18327
0.813425,24,163.265206
2.341838,24,163.336864
1.010908,24,163.404157
2.62352,24,163.485446
2.567478,24,163.565294
1.870419,24,163.645194
-0.048954,24,163.733922
1.876848,24,163.805537
0.592136,24,163.875402
2.078449,24,163.955241
0.754039,24,164.035204
1.873342,24,164.124334
1.798975,24,164.204245
-0.112046,24,164.283298
-0.379236,24,164.337941
1.969272,24,164.415164
-1.383236,24,164.505335
-0.132468,24,164.585376
0.825237,24,164.660118
1.497345,24,164.735587
-0.142949,24,164.82425
0.720501,24,164.915174
0.220007,24,164.99419
0.816646,24,165.077025
0.888973,24,165.146556
0.075021,24,165.235183
2.850411,24,165.335723
0.46271,24,165.426192
1.306673,24,165.506242
2.580173,24,165.597707
0.970678,24,165.675346
1.106827,24,165.766133
1.546958,24,165.849817
2.182429,24,165.925208
0.300811,24,166.016469
1.913751,24,166.095237
0.591547,24,166.195237
2.345551,24,166.275565
2.380036,24,166.368689
0.732448,24,166.445303
2.779774,24,166.523172
2.092043,24,166.615224
0.190178,24,166.685263
1.219737,24,166.755162
1.677287,24,166.839062
3.071835,24,166.917244
0.221677,24,166.995194
1.400511,24,167.075235
-0.517612,24,167.145169
2.574198,24,167.223184
0.085522,24,167.293318
1.408474,24,167.386268
1.370513,24,167.474263
1.704529,24,167.558582
1.84057,24,167.625298
2.245146,24,167.706212
2.344813,24,167.795225
1.762568,24,167.873637
2.098528,24,167.945157
1.64137,24,168.015225
1.825898,24,168.095173
2.672475,24,168.175224
3.270343,24,168.257738
2.164079,24,168.33419
1.537137,24,168.410193
1.204945,24,168.494192
0.669429,24,168.575241
1.252115,24,168.654202
1.194796,24,168.753377
0.622711,24,168.835797
2.264038,24,168.915198
0.163652,24,169.006178
-0.337954,24,169.095281
3.396006,24,169.175179
1.063762,24,169.245294
3.052668,24,169.325155
0.714041,24,169.417642
1.173584,24,169.50001
2.66647,24,169.585591
0.531623,24,169.675168
3.054743,24,169.754416
2.188985,24,169.845156
2.472064,24,169.914257
2.184017,24,169.989307
0.852657,24,170.075631
1.06402,24,170.154436
-0.774532,24,170.247319
0.625672,24,170.329568
0.500967,24,170.415191
1.130442,24,170.49541
1.756889,24,170.579202
1.440151,24,170.679109
2.360224,24,170.766197
1.997778,24,170.852265
2.992557,24,170.928172
0.456057,24,171.012285
2.216658,24,171.104157
1.026142,24,171.185366
3.065845,24,171.2669
1.047261,24,171.346125
1.176986,24,171.433642
1.889734,24,171.535535
1.227034,24,171.606217
1.794888,24,171.695206
-1.324803,24,171.76621
-0.877773,24,171.845197
3.276362,24,171.927409
2.188119,24,172.005361
1.464855,24,172.085253
1.405551,24,172.173058
3.029947,24,172.245344
2.977183,24,172.324164
1.071732,24,172.385253
0.524126,24,172.474195
1.650349,24,172.555178
-0.824928,24,172.635232
-0.525913,24,172.716591
0.514803,24,172.785287
1.936179,24,172.865094
1.937887,24,172.955417
1.438651,24,173.035343
1.513443,24,173.115771
2.231472,24,173.195564
-0.899186,24,173.278522
0.702187,24,173.358382
1.469157,24,173.425354
2.149593,24,173.522927
2.095874,24,173.595553
1.392693,24,173.678485
0.334412,24,173.753232
1.779735,24,173.838109
0.297494,24,173.93147
0.704239,24,174.016878
1.303776,24,174.095476
1.287255,24,174.181727
1.459474,24,174.265393
1.914354,24,174.345183
2.369439,24,174.425639
0.912721,24,174.513713
2.344752,24,174.590843
1.922157,24,174.665346
1.851867,24,174.745412
1.725717,24,174.829675
1.041568,24,174.915225
1.631859,24,174.986223
0.551968,24,175.065175
0.786778,24,175.150122
3.067593,24,175.223466
2.799425,24,175.295225
0.708882,24,175.365263
2.30494,24,175.455159
2.825995,24,175.544639
3.467543,24,175.624227
2.172093,24,175.695705
1.687172,24,175.765262
0.790081,24,175.835157
1.260105,24,175.928392
2.010532,24,176.005216
1.507852,24,176.09417
1.030133,24,176.185216
1.584513,24,176.266205
0.443483,24,176.363618
0.306315,24,176.445529
-0.331984,24,176.529506
1.834914,24,176.604493
0.77288,24,176.685001
1.978329,24,176.774261
1.486307,24,176.854161
2.848206,24,176.935233
1.739804,24,177.014531
3.28382,24,177.085288
3.228591,24,177.18232
0.88674,24,177.266163
1.817593,24,177.345259
1.472674,24,177.414185
0.439516,24,177.495121
2.808809,24,177.587111
2.048044,24,177.665228
1.943334,24,177.74542
1.554799,24,177.819375
2.796163,24,177.895969
1.225057,24,178.004254
1.34329,24,178.082633
3.024138,24,178.155266
