#{"t_start": 1763982156.1202092, "env_id": "None"}
r,l,t
1.068108,24,0.042086
1.622131,24,0.059551
0.145056,24,0.081115
1.971481,24,0.091476
0.934361,24,0.110144
-0.258563,24,0.120633
1.260723,24,0.130612
2.006842,24,0.138475
0.562232,24,0.149631
1.390575,24,0.15968
1.283122,24,0.179295
0.745364,24,0.191952
1.254639,24,0.227038
1.220579,24,0.241253
-1.230856,24,0.249642
1.450999,24,0.258655
-0.558887,24,0.273698
0.912949,24,0.280618
1.051793,24,0.290462
0.064936,24,0.291428
2.448499,24,0.309612
1.252539,24,0.312536
2.543403,24,0.32731
-0.376328,24,0.336397
-1.244972,24,0.348724
1.129976,24,0.357165
2.237891,24,0.360666
-1.346846,24,0.372731
-0.689601,24,0.380625
1.815586,24,0.394708
-1.794877,24,0.406163
-0.877934,24,0.417069
0.117915,24,0.434583
0.549945,24,0.447
1.567898,24,0.460669
1.936717,24,0.472262
1.658903,24,0.536259
-0.241111,24,0.568444
0.808341,24,0.603579
1.906151,24,0.638653
2.160634,24,0.681557
-1.000571,24,0.709644
1.79962,24,0.72421
-1.354344,24,0.736255
2.838412,24,0.758846
0.347373,24,0.770894
0.292049,24,0.783242
-0.382753,24,0.797292
-0.720623,24,0.810784
-0.671527,24,0.823219
0.026333,24,0.836012
1.65122,24,0.848748
0.237993,24,0.868348
1.158587,24,0.882349
1.389575,24,0.894854
0.379886,24,0.906415
2.062169,24,0.92061
-0.548624,24,0.932813
0.901678,24,0.945515
-1.524533,24,0.959454
0.092083,24,0.978608
-0.473898,24,0.993633
1.656632,24,1.005006
0.524865,24,1.016313
-0.284917,24,1.032829
-0.868819,24,1.047912
2.053272,24,1.06061
1.909408,24,1.06061
0.729043,24,1.073659
2.638208,24,1.088335
-1.27191,24,1.100963
2.145981,24,1.11287
-1.25142,24,1.128808
2.105088,24,1.142416
-0.289986,24,1.15535
2.58672,24,1.168882
-1.458403,24,1.179619
0.188093,24,1.191311
-0.543363,24,1.199571
0.561131,24,1.212142
0.894017,24,1.320868
2.7901,24,1.359692
0.321041,24,1.407359
-1.161744,24,1.444882
2.58209,24,1.495601
2.147002,24,1.51344
2.784563,24,1.527781
0.068889,24,1.540872
-0.781996,24,1.558794
-0.230292,24,1.567635
2.195747,24,1.576513
0.460596,24,1.585565
0.401573,24,1.749468
-1.407393,24,1.7849
1.427556,24,1.808567
-0.819967,24,1.839719
1.209419,24,1.989839
0.03192,24,2.057412
0.401039,24,2.080837
2.435943,24,2.110811
2.360551,24,2.310841
0.552606,24,2.336579
1.645996,24,2.360301
1.302004,24,2.389985
1.218661,24,2.440946
3.686132,24,2.47191
-0.019042,24,2.498904
0.965331,24,2.528574
0.269733,24,2.560846
-1.38058,24,2.590776
-1.278027,24,2.626036
0.728472,24,2.648638
-0.872324,24,2.680815
2.265969,24,2.710839
-0.083889,24,2.740704
-0.29756,24,2.77292
2.647923,24,2.810811
2.009159,24,2.84418
0.377186,24,2.859877
0.227445,24,2.893312
2.279547,24,2.93152
2.010194,24,2.958898
1.499893,24,2.980803
0.591303,24,3.009896
1.510146,24,3.050889
0.363502,24,3.081171
2.989925,24,3.105218
-1.47945,24,3.129416
0.381376,24,3.168832
0.934002,24,3.190743
-2.491588,24,3.21096
1.058508,24,3.240924
1.25887,24,3.284445
2.057886,24,3.307241
-1.060594,24,3.339931
-0.0531,24,3.359811
-0.787171,24,3.405076
1.054335,24,3.428548
1.2338,24,3.450822
0.426095,24,3.460706
-1.194771,24,3.485843
-0.033314,24,3.500697
0.153725,24,3.512923
0.897588,24,3.523637
1.493666,24,3.540692
0.221165,24,3.550691
-1.893551,24,3.560688
2.014878,24,3.574983
-1.145385,24,3.594374
0.049524,24,3.606048
0.926874,24,3.609719
0.761067,24,3.62869
0.871261,24,3.640912
-1.01022,24,3.650725
0.623095,24,3.660711
1.219701,24,3.673675
-0.962596,24,3.69077
-0.769631,24,3.705003
-1.265266,24,3.711466
2.558544,24,3.730369
1.072255,24,3.74079
0.2994,24,3.754984
-1.579065,24,3.763626
2.573274,24,3.773674
1.609352,24,3.789977
1.605046,24,3.799772
-1.914968,24,3.811315
-0.97718,24,3.823587
-0.197638,24,3.851287
1.444941,24,3.860732
2.454842,24,3.872701
0.607418,24,3.886662
0.559373,24,3.900722
2.075757,24,3.910683
2.379788,24,3.923942
-0.76642,24,3.935751
2.30287,24,3.95069
2.242316,24,3.959703
2.314253,24,3.978802
-0.255044,24,3.99139
-1.830749,24,4.007048
-0.779184,24,4.010722
1.915437,24,4.035751
0.470568,24,4.041221
1.625266,24,4.070711
0.668363,24,4.084007
1.815084,24,4.089813
-0.984835,24,4.106939
2.64695,24,4.110647
1.899807,24,4.128737
1.878629,24,4.136307
0.811403,24,4.139841
0.78448,24,4.159596
1.459278,24,4.168469
2.389954,24,4.173611
0.240306,24,4.185997
0.068731,24,4.190817
-0.961701,24,4.206985
0.354633,24,4.210691
2.007902,24,4.233204
2.156748,24,4.240738
1.144626,24,4.257004
-0.035666,24,4.268857
-0.311181,24,4.280717
0.663232,24,4.291455
1.334032,24,4.30701
1.653263,24,4.318833
-1.450493,24,4.330724
0.175891,24,4.35072
-0.062377,24,4.381845
2.318376,24,4.403546
1.520878,24,4.410654
0.566118,24,4.423893
1.369634,24,4.430995
-0.233024,24,4.440804
-0.033265,24,4.450522
1.055346,24,4.460619
2.056027,24,4.467166
-0.107963,24,4.473533
1.561499,24,4.483673
0.793471,24,4.504928
-0.068794,24,4.511013
2.822119,24,4.518781
-0.743389,24,4.522617
0.330019,24,4.540658
0.070196,24,4.54988
1.289794,24,4.559783
1.508466,24,4.560808
1.142456,24,4.58969
-1.709882,24,4.600723
0.010683,24,4.610682
0.827024,24,4.632066
0.898103,24,4.647755
1.018729,24,4.660688
-1.412094,24,4.673578
-0.380034,24,4.685932
1.255849,24,4.700742
0.724678,24,4.710722
1.273632,24,4.723562
-0.742188,24,4.739863
1.488002,24,4.754998
2.101485,24,4.776866
-1.090066,24,4.790783
2.088636,24,4.800375
-0.188954,24,4.81881
-1.24402,24,4.831288
1.478431,24,4.843421
1.735377,24,4.856268
-1.345184,24,4.873219
-0.043628,24,4.885884
0.454076,24,4.889739
0.684869,24,4.900666
1.134138,24,4.910642
0.881615,24,4.922598
0.775031,24,4.929643
1.959016,24,4.935754
0.594442,24,4.940722
0.553334,24,4.952317
0.716594,24,4.959498
0.910882,24,4.970878
0.265958,24,4.980691
1.182756,24,4.989934
1.191607,24,5.000747
1.593189,24,5.010705
-0.038512,24,5.022881
1.863688,24,5.040477
1.003208,24,5.050786
1.679526,24,5.060755
2.022128,24,5.083744
-1.884315,24,5.090721
0.944424,24,5.107356
2.625773,24,5.119751
0.771191,24,5.138986
-2.494779,24,5.153975
-0.97635,24,5.160696
0.589587,24,5.181054
1.04952,24,5.190775
-1.337762,24,5.209691
2.560878,24,5.219684
1.566791,24,5.230689
0.767468,24,5.249695
0.971363,24,5.263397
-0.214458,24,5.273745
-0.840332,24,5.288308
-2.898753,24,5.304972
0.254301,24,5.313565
1.525453,24,5.328683
1.375271,24,5.339904
1.641142,24,5.350719
1.723693,24,5.363602
1.387675,24,5.378696
-0.102101,24,5.400857
-0.369968,24,5.41093
0.852544,24,5.430557
2.143255,24,5.440792
-0.558779,24,5.46079
0.894937,24,5.472629
0.385066,24,5.490678
1.011841,24,5.498887
1.132662,24,5.509652
1.065334,24,5.529691
2.817754,24,5.539903
1.677757,24,5.549704
-0.038637,24,5.562422
2.367779,24,5.580697
2.499724,24,5.590775
1.363982,24,5.609741
-0.891449,24,5.621538
2.250545,24,5.637269
2.353454,24,5.648851
2.00942,24,5.660722
1.478364,24,5.672585
-1.271113,24,5.685814
-0.759368,24,5.690745
0.215054,24,5.705897
0.942113,24,5.720043
-0.230233,24,5.732409
-1.24338,24,5.740742
2.893453,24,5.762917
1.143463,24,5.77704
1.645589,24,5.800112
2.122746,24,5.814086
-0.436597,24,5.831332
0.658404,24,5.840848
1.14124,24,5.855887
0.65948,24,5.860665
0.681055,24,5.87252
2.453394,24,5.880663
0.569992,24,5.890793
2.504448,24,5.906939
1.850622,24,5.910701
0.647173,24,5.929597
1.654251,24,5.940749
2.255838,24,5.950948
-0.644889,24,5.961976
0.846662,24,5.974702
1.214045,24,5.990724
-1.055282,24,6.000681
1.573915,24,6.009662
0.411133,24,6.01066
-0.763857,24,6.029702
-0.962736,24,6.038819
0.610256,24,6.048775
-0.47639,24,6.055905
0.939424,24,6.068894
-0.733177,24,6.073523
-0.839351,24,6.092608
-0.464536,24,6.100721
-0.990439,24,6.118821
1.906617,24,6.131935
0.41951,24,6.140819
0.198043,24,6.156528
3.64459,24,6.173533
2.597002,24,6.185754
0.260785,24,6.19081
0.704498,24,6.209552
0.902974,24,6.224568
1.663813,24,6.235948
2.315103,24,6.247917
1.245749,24,6.262396
2.928773,24,6.272591
-0.379496,24,6.289807
-0.781251,24,6.300768
1.875889,24,6.310692
2.654021,24,6.328602
1.886194,24,6.340791
-1.226973,24,6.352932
0.08284,24,6.360824
0.34113,24,6.380744
-1.02442,24,6.389832
1.989815,24,6.409688
0.661383,24,6.422563
1.04576,24,6.440047
-0.640955,24,6.455902
0.157035,24,6.468177
0.192647,24,6.479882
1.268604,24,6.490779
-0.741045,24,6.508989
2.269256,24,6.52455
-2.435569,24,6.532775
-0.108997,24,6.551001
-1.290276,24,6.560689
1.022189,24,6.570673
-0.526346,24,6.579727
0.138599,24,6.58973
-0.701548,24,6.597778
1.647251,24,6.609663
-0.702227,24,6.610691
2.332938,24,6.630906
-1.068869,24,6.638757
1.012834,24,6.638757
-0.990531,24,6.654851
1.031771,24,6.659714
-0.996615,24,6.672512
-2.354513,24,6.679662
0.181797,24,6.686285
0.457111,24,6.690733
1.946853,24,6.70065
0.772132,24,6.710166
1.408773,24,6.719671
1.650594,24,6.729651
1.722653,24,6.737221
1.252183,24,6.740665
0.798867,24,6.754838
-0.502023,24,6.761174
1.118284,24,6.778713
0.579688,24,6.788795
-1.458979,24,6.800231
1.721694,24,6.810666
0.248001,24,6.821543
0.811075,24,6.830664
0.487506,24,6.840782
0.321742,24,6.856896
2.144487,24,6.859512
-1.457077,24,6.881539
-0.418442,24,6.890713
2.654616,24,6.910705
0.734358,24,6.922494
2.292873,24,6.932266
2.146301,24,6.940745
0.122524,24,6.960764
1.945738,24,6.973489
1.074701,24,6.992237
-0.333074,24,7.000726
-0.816067,24,7.021017
1.167305,24,7.035782
2.012328,24,7.040787
1.716591,24,7.055855
2.394147,24,7.060686
-1.197875,24,7.074456
2.035323,24,7.082952
-0.053472,24,7.09066
-1.183405,24,7.100622
0.110335,24,7.109556
0.533789,24,7.118198
1.045134,24,7.126381
0.571135,24,7.133449
-0.089782,24,7.140714
-1.015194,24,7.149415
-0.41085,24,7.155826
-0.80595,24,7.161084
1.261499,24,7.173409
1.990263,24,7.180649
1.062645,24,7.190681
1.848516,24,7.200676
-0.159906,24,7.209644
0.858858,24,7.210641
0.014876,24,7.222501
-0.878092,24,7.236122
-0.271023,24,7.240693
0.101471,24,7.251773
1.891775,24,7.260663
0.98995,24,7.272535
-0.897398,24,7.288848
0.914451,24,7.302506
-0.977253,24,7.310664
-0.908654,24,7.334769
1.27615,24,7.339695
1.946783,24,7.350667
1.886219,24,7.36069
0.774938,24,7.374612
1.096253,24,7.385766
1.191387,24,7.389977
2.21037,24,7.414092
0.384028,24,7.428623
-0.370974,24,7.439906
1.850978,24,7.450692
0.539852,24,7.460743
0.009963,24,7.474689
0.813456,24,7.48944
-0.61386,24,7.500738
1.830733,24,7.513177
2.105569,24,7.532767
0.472562,24,7.539939
-0.498868,24,7.555855
0.67758,24,7.560646
0.234892,24,7.573445
-0.359362,24,7.589686
-2.142471,24,7.603439
-0.008467,24,7.611931
0.637158,24,7.63985
-0.01042,24,7.6479
1.806542,24,7.659484
2.887917,24,7.672428
-0.168583,24,7.688789
1.755147,24,7.698592
-0.947582,24,7.710692
1.558643,24,7.722691
2.850289,24,7.739806
1.538708,24,7.750652
2.163572,24,7.760727
1.130926,24,7.778637
-0.933705,24,7.789824
0.88235,24,7.805923
1.541964,24,7.810736
-0.870244,24,7.833068
1.58296,24,7.849482
2.227572,24,7.860709
1.26859,24,7.873481
2.419884,24,7.880692
-1.897909,24,7.90046
1.119868,24,7.910694
1.38855,24,7.922685
-0.456099,24,7.938514
-0.476413,24,7.950727
1.222391,24,7.95949
1.780358,24,7.973477
-1.271173,24,7.985803
1.185693,24,8.000735
-0.729406,24,8.012287
0.296706,24,8.031062
1.636471,24,8.04285
1.87355,24,8.054794
1.593979,24,8.060669
0.089522,24,8.073473
-0.643068,24,8.085791
-0.397094,24,8.100729
1.14902,24,8.110696
0.137854,24,8.124077
1.351056,24,8.136078
-0.406813,24,8.155142
1.544989,24,8.160745
-0.967889,24,8.178406
-0.685215,24,8.190688
-0.000508,24,8.200669
-0.974841,24,8.209635
-1.508879,24,8.210661
1.971562,24,8.224156
0.325434,24,8.233718
0.591618,24,8.240643
-1.490524,24,8.240643
1.767916,24,8.253399
0.653141,24,8.259933
0.863003,24,8.270676
2.070828,24,8.272419
0.084182,24,8.280637
2.182776,24,8.290633
3.029466,24,8.298837
1.655664,24,8.308893
0.899111,24,8.309919
-0.691107,24,8.328452
1.137381,24,8.338114
0.765212,24,8.340716
-0.672392,24,8.358767
2.182715,24,8.371437
1.246346,24,8.380639
0.761912,24,8.389711
-0.004324,24,8.399647
-1.683327,24,8.408762
-0.032474,24,8.421404
0.522999,24,8.432296
1.082083,24,8.440718
1.485685,24,8.45477
1.795707,24,8.46066
1.588318,24,8.473425
1.341604,24,8.480731
1.532651,24,8.498986
0.999452,24,8.510731
-1.421291,24,8.523683
0.231975,24,8.534268
1.406459,24,8.550728
-0.579562,24,8.560758
1.190619,24,8.574812
-1.001245,24,8.588193
1.086417,24,8.60074
3.180667,24,8.610693
0.806029,24,8.623444
1.441466,24,8.640388
0.599089,24,8.654819
1.526221,24,8.660804
1.029056,24,8.680723
1.786996,24,8.688772
1.15631,24,8.70684
2.802046,24,8.718524
0.086371,24,8.730697
1.282169,24,8.74497
-0.169629,24,8.759545
0.121184,24,8.772484
2.004236,24,8.78612
2.21057,24,8.799694
1.814355,24,8.810673
1.374308,24,8.822474
0.496769,24,8.842765
1.820299,24,8.85841
0.149967,24,8.873373
-0.266723,24,8.880692
-0.749244,24,8.894825
0.556536,24,8.906831
1.981403,24,8.922634
-0.820182,24,8.934431
1.271955,24,8.94975
-1.201043,24,8.959848
-0.268268,24,8.973795
2.063588,24,8.988716
1.023183,24,9.00073
-0.56694,24,9.010696
1.390884,24,9.028629
1.627999,24,9.038761
-1.581193,24,9.055841
1.225447,24,9.069693
2.637313,24,9.08069
0.749663,24,9.090005
1.05656,24,9.109691
1.420511,24,9.120727
-1.46188,24,9.134801
0.745264,24,9.139792
1.579975,24,9.160798
2.130024,24,9.174316
0.512091,24,9.190783
2.146019,24,9.201779
0.127384,24,9.210699
1.226125,24,9.224547
0.755711,24,9.242099
0.90483,24,9.253854
1.10474,24,9.268937
-1.188108,24,9.281778
0.486193,24,9.300688
0.891507,24,9.322593
0.401744,24,9.335093
-0.866997,24,9.340752
2.233668,24,9.361349
0.482958,24,9.388668
1.371233,24,9.398872
1.342996,24,9.409945
1.862104,24,9.421414
0.794353,24,9.429643
0.300962,24,9.435715
-0.073246,24,9.440687
1.271887,24,9.455741
-0.411413,24,9.460689
-1.404425,24,9.473099
0.811598,24,9.480678
-0.569702,24,9.498919
0.2846,24,9.506741
0.552472,24,9.510684
0.642743,24,9.522398
-0.448912,24,9.535265
2.267207,24,9.540682
-0.72501,24,9.554739
-0.470709,24,9.569679
-1.180505,24,9.580708
0.021647,24,9.594611
2.580948,24,9.600708
-0.249284,24,9.610707
1.556132,24,9.622563
-1.050968,24,9.635205
-1.165221,24,9.644614
-1.383059,24,9.655744
-1.192059,24,9.669722
-0.483682,24,9.679669
2.485199,24,9.689657
1.263098,24,9.700578
-0.288339,24,9.710671
0.141246,24,9.723372
0.309871,24,9.733818
2.357691,24,9.740742
-0.293708,24,9.756714
0.378825,24,9.760669
2.373274,24,9.773374
1.373629,24,9.7807
1.635427,24,9.790674
-0.991792,24,9.808955
2.517848,24,9.82134
1.352786,24,9.830671
1.850025,24,9.840769
1.236936,24,9.854733
-1.71726,24,9.860693
0.641372,24,9.873411
2.071839,24,9.891854
-1.439052,24,9.906382
3.224814,24,9.919692
0.541991,24,9.930664
0.264946,24,9.949505
-1.32852,24,9.960722
0.546886,24,9.972321
1.369811,24,9.983411
1.807959,24,9.990714
-0.018429,24,10.010725
1.803196,24,10.0271
1.875303,24,10.040417
-0.496786,24,10.056815
1.160282,24,10.06878
2.743966,24,10.080693
0.41802,24,10.090675
-1.71763,24,10.112985
-2.326603,24,10.122406
1.714938,24,10.139768
0.050576,24,10.150255
0.914357,24,10.160737
1.180281,24,10.180729
2.381773,24,10.190776
-1.025811,24,10.200945
1.565934,24,10.21069
0.423278,24,10.222263
2.440423,24,10.235983
2.232253,24,10.24071
1.442899,24,10.259912
1.045808,24,10.272334
1.485812,24,10.27896
0.794829,24,10.290763
1.372887,24,10.305615
1.309067,24,10.319681
1.987248,24,10.33174
0.607997,24,10.345088
0.07435,24,10.360698
-0.336705,24,10.373371
-0.57748,24,10.385815
0.248101,24,10.399684
1.323803,24,10.413782
0.788071,24,10.424425
1.409286,24,10.441994
0.745796,24,10.454726
1.921568,24,10.460763
0.133042,24,10.480726
-0.901759,24,10.488853
-1.470035,24,10.500722
0.315156,24,10.510725
-1.868467,24,10.528419
-0.21378,24,10.539795
0.576181,24,10.555717
3.789041,24,10.5724
-0.861114,24,10.585798
1.96417,24,10.590775
-1.301862,24,10.610725
0.558882,24,10.629693
1.455535,24,10.639736
1.036619,24,10.640766
2.360056,24,10.660655
2.458019,24,10.671331
0.849684,24,10.68067
2.472149,24,10.693883
0.413794,24,10.702448
-0.123374,24,10.716299
2.192858,24,10.723658
-1.087839,24,10.730668
1.372862,24,10.738918
1.273977,24,10.749058
1.999567,24,10.756626
1.642668,24,10.760652
1.490248,24,10.773281
0.806787,24,10.780678
-0.91933,24,10.794768
-0.669532,24,10.802111
0.626766,24,10.809649
0.612506,24,10.820684
-1.69013,24,10.828895
1.117424,24,10.835999
1.377861,24,10.840681
1.695841,24,10.855684
1.652399,24,10.862995
2.694048,24,10.873298
0.29787,24,10.890267
-1.442009,24,10.8985
0.516548,24,10.910693
0.88008,24,10.920702
1.469716,24,10.930664
1.246111,24,10.940732
0.374505,24,10.950693
1.091757,24,10.960717
-0.12407,24,10.973377
1.286978,24,10.988655
2.944127,24,10.999758
0.574415,24,11.010705
2.270353,24,11.023333
-0.932453,24,11.039748
1.587177,24,11.053165
1.3329,24,11.070728
1.20153,24,11.082404
1.494715,24,11.100332
1.147109,24,11.110723
0.18736,24,11.122373
2.846285,24,11.130691
-1.644837,24,11.150943
1.060642,24,11.16145
-0.899703,24,11.178658
-0.237345,24,11.193851
2.311193,24,11.209693
-1.05226,24,11.220693
-0.95884,24,11.230727
-0.292287,24,11.240804
0.394228,24,11.264434
-0.344951,24,11.272472
-0.044604,24,11.289486
2.21757,24,11.302879
-0.70249,24,11.310724
0.993698,24,11.332602
-0.924263,24,11.340811
0.208711,24,11.356674
0.742404,24,11.371361
0.942913,24,11.380963
-1.071831,24,11.398453
-0.851617,24,11.410694
1.952006,24,11.423326
-0.230224,24,11.440797
2.18266,24,11.450758
1.70141,24,11.460695
1.442433,24,11.4807
-0.737685,24,11.492682
-0.66469,24,11.500713
-0.535273,24,11.510842
-0.582353,24,11.533442
2.124168,24,11.540723
1.717511,24,11.559962
2.076211,24,11.568082
2.549061,24,11.580724
0.58173,24,11.601711
-0.404297,24,11.611849
2.744838,24,11.622325
-1.299146,24,11.641468
0.845671,24,11.654683
1.285577,24,11.659919
4.266246,24,11.680689
0.957112,24,11.690732
1.978327,24,11.70879
0.662931,24,11.722862
0.128599,24,11.730689
2.092941,24,11.750705
-1.779984,24,11.761689
-0.782916,24,11.772368
0.056578,24,11.789711
-0.148245,24,11.800748
1.700335,24,11.810846
-1.270816,24,11.82857
3.509772,24,11.840761
-0.860518,24,11.855667
0.641335,24,11.86908
0.979941,24,11.880703
1.219894,24,11.890814
-0.038631,24,11.910724
1.789419,24,11.921317
2.076305,24,11.930731
-0.187284,24,11.942036
-0.517645,24,11.960932
1.170052,24,11.972334
0.484647,24,11.990384
-0.171436,24,12.000742
0.351747,24,12.01221
0.731529,24,12.029697
3.051456,24,12.045436
2.292409,24,12.06072
-1.614756,24,12.072943
1.937561,24,12.08968
1.219976,24,12.099695
1.264128,24,12.110698
-0.286644,24,12.12836
0.452791,24,12.140812
0.743094,24,12.152028
1.495923,24,12.160677
2.119492,24,12.180637
0.597776,24,12.190691
-0.301793,24,12.199685
0.841986,24,12.206564
-0.527911,24,12.222324
0.468457,24,12.230719
0.169075,24,12.248433
1.949945,24,12.264645
-1.044152,24,12.280725
0.806494,24,12.291759
-1.286268,24,12.310972
0.039661,24,12.323275
-0.42976,24,12.340799
-0.640664,24,12.350735
1.969243,24,12.363437
1.859226,24,12.372297
-0.873022,24,12.390789
-0.170918,24,12.405611
0.58567,24,12.419296
2.271834,24,12.430082
-0.147887,24,12.440779
2.887284,24,12.460103
0.925311,24,12.473572
0.502206,24,12.486009
0.639035,24,12.500743
1.395887,24,12.515173
1.17967,24,12.528589
2.779776,24,12.543104
0.324144,24,12.561267
-0.459824,24,12.5787
2.546329,24,12.589708
-0.948981,24,12.59877
-0.862575,24,12.618645
1.918866,24,12.630727
0.416541,24,12.640961
0.665649,24,12.65982
1.035612,24,12.674392
0.945712,24,12.689608
0.544498,24,12.690778
0.534639,24,12.708704
1.115221,24,12.712299
1.967795,24,12.72275
1.671784,24,12.730682
2.165406,24,12.740712
1.687627,24,12.754572
2.236064,24,12.760668
0.271951,24,12.772884
-1.416231,24,12.778449
1.349155,24,12.790678
0.267793,24,12.800664
1.4912,24,12.809786
0.530384,24,12.818553
1.353951,24,12.830657
-0.076308,24,12.84149
2.942287,24,12.848624
3.008022,24,12.857296
-0.730884,24,12.86966
-0.603664,24,12.878804
1.421945,24,12.889704
-0.535585,24,12.891249
1.639859,24,12.910663
2.542751,24,12.910663
0.51717,24,12.928906
1.762416,24,12.939748
-1.103953,24,12.950725
0.628935,24,12.960693
-0.288029,24,12.972293
-0.061718,24,12.986376
-0.824776,24,12.99903
0.993684,24,13.009693
1.188511,24,13.021283
1.801345,24,13.030957
1.163904,24,13.040766
-0.525672,24,13.059691
0.896339,24,13.072208
-0.261407,24,13.080698
1.702662,24,13.090662
0.668817,24,13.105938
-1.978505,24,13.110718
0.970514,24,13.122308
0.244498,24,13.13976
1.648006,24,13.150693
-0.173623,24,13.160701
-0.358336,24,13.173242
0.025622,24,13.192997
0.178409,24,13.204609
1.821212,24,13.210726
-7.2e-05,24,13.222273
-1.070247,24,13.236307
-0.17342,24,13.240659
-1.883541,24,13.256532
1.125392,24,13.267455
1.418129,24,13.279663
1.62021,24,13.285748
-0.041975,24,13.291509
1.075788,24,13.306545
0.868205,24,13.311248
1.189957,24,13.323304
-1.097522,24,13.333397
-0.119449,24,13.340704
-1.857269,24,13.35759
1.159678,24,13.37167
-1.694499,24,13.38073
1.627349,24,13.391581
0.958474,24,13.410698
1.296705,24,13.422936
-1.146447,24,13.436049
1.327151,24,13.440822
0.826744,24,13.460724
0.415413,24,13.47226
0.664016,24,13.490854
1.343172,24,13.505583
1.835786,24,13.520823
-0.43213,24,13.530728
2.087456,24,13.540773
-0.760087,24,13.556717
-1.568928,24,13.57349
0.185182,24,13.580731
0.597899,24,13.589688
1.918278,24,13.609723
2.609917,24,13.623315
1.557728,24,13.641256
-1.102647,24,13.650728
2.001163,24,13.664496
1.809706,24,13.680702
-0.549217,24,13.690723
1.158061,24,13.700698
-0.498309,24,13.718894
-1.300885,24,13.730702
-1.308427,24,13.740807
1.927423,24,13.759697
1.395756,24,13.772315
3.15582,24,13.789695
0.820691,24,13.800697
0.564854,24,13.810843
0.336537,24,13.824412
0.231004,24,13.840767
2.353899,24,13.854582
-0.140358,24,13.859792
1.891518,24,13.873202
1.203014,24,13.898591
2.753543,24,13.910732
-1.042816,24,13.924843
1.116682,24,13.93979
1.06302,24,13.950749
2.747699,24,13.9607
1.918894,24,13.973196
2.017348,24,13.989826
0.428587,24,14.000728
1.988957,24,14.010701
1.426097,24,14.032211
1.980737,24,14.040802
-1.273695,24,14.061467
-0.722522,24,14.072237
0.00917,24,14.085649
-1.178431,24,14.0907
1.689058,24,14.110724
0.37357,24,14.122255
2.001796,24,14.138664
1.170965,24,14.150729
1.445313,24,14.16073
-0.899202,24,14.179671
-0.625869,24,14.189763
1.256641,24,14.202501
-0.221364,24,14.210688
1.730316,24,14.222146
1.021553,24,14.229742
0.520673,24,14.237842
1.631861,24,14.241821
-0.496531,24,14.255439
-0.498632,24,14.260673
2.517951,24,14.269656
0.418372,24,14.278543
-0.154513,24,14.28784
-0.213115,24,14.29229
2.299936,24,14.305545
0.015967,24,14.31853
1.325473,24,14.32878
2.271079,24,14.337837
1.511064,24,14.341216
0.941484,24,14.358631
1.324074,24,14.360667
2.606677,24,14.373123
1.656875,24,14.387869
1.21331,24,14.399755
1.425521,24,14.410715
2.302167,24,14.421199
2.059718,24,14.430708
1.01196,24,14.441195
0.924369,24,14.458781
1.364946,24,14.471154
1.464104,24,14.478773
-0.157427,24,14.490718
0.393356,24,14.509696
1.010987,24,14.524664
0.734487,24,14.535834
0.027575,24,14.549944
-0.591732,24,14.560693
-1.336068,24,14.572096
2.154809,24,14.590715
1.312412,24,14.606587
-0.147952,24,14.610729
0.218498,24,14.628842
-0.292886,24,14.640671
1.826344,24,14.656535
1.018907,24,14.668881
2.446361,24,14.680117
2.077752,24,14.690785
0.241926,24,14.721425
0.557858,24,14.741556
0.924243,24,14.766771
-0.822562,24,14.7732
0.446352,24,14.790749
-0.755917,24,14.800689
-0.781965,24,14.808595
1.892974,24,14.810629
0.79608,24,14.823001
1.804866,24,14.833665
-0.212633,24,14.841693
-0.822871,24,14.851876
-1.281841,24,14.860681
1.319273,24,14.869117
0.030696,24,14.872142
1.624785,24,14.883723
1.717526,24,14.891604
-1.676995,24,14.900693
-0.881786,24,14.909646
1.140524,24,14.910646
-1.633176,24,14.925222
1.935789,24,14.93571
1.240547,24,14.941042
-0.493159,24,14.955389
2.345131,24,14.961471
1.7808,24,14.973135
1.227337,24,14.980693
1.668691,24,14.990661
-0.323605,24,15.000713
0.554759,24,15.010632
-0.512773,24,15.02215
-0.051518,24,15.030683
0.888595,24,15.050721
0.165337,24,15.071067
1.577532,24,15.090169
0.734051,24,15.105397
1.979081,24,15.11858
1.628498,24,15.129805
0.724021,24,15.140819
1.826704,24,15.151061
0.843449,24,15.166041
-1.274163,24,15.180063
1.026348,24,15.190759
1.047137,24,15.199636
1.567412,24,15.214052
0.799421,24,15.223131
-0.487229,24,15.230297
1.951715,24,15.241904
1.146465,24,15.259698
-0.052701,24,15.273376
0.488321,24,15.286302
-0.657308,24,15.290784
2.338335,24,15.310726
1.479343,24,15.322193
1.929026,24,15.333814
2.524459,24,15.342292
2.622613,24,15.350677
-0.744344,24,15.360663
2.716416,24,15.37142
1.37733,24,15.383789
0.216817,24,15.390658
3.022693,24,15.404495
0.578059,24,15.408559
-0.024029,24,15.421085
0.751614,24,15.430731
2.153468,24,15.442312
1.618945,24,15.460699
1.465397,24,15.471106
-1.024221,24,15.488931
-0.294939,24,15.500827
-0.726672,24,15.510699
-1.596172,24,15.52661
-0.623494,24,15.55284
-1.208952,24,15.575901
-0.159342,24,15.599737
2.540745,24,15.609669
0.046282,24,15.630724
1.381725,24,15.642793
1.34437,24,15.654385
2.356289,24,15.660735
-1.283798,24,15.682686
1.947134,24,15.693511
0.697428,24,15.710448
0.491698,24,15.723047
-0.741749,24,15.738819
1.785322,24,15.75
1.070428,24,15.760702
-0.919955,24,15.773118
1.317543,24,15.789727
1.686825,24,15.804337
2.446236,24,15.808755
1.53712,24,15.829719
1.745818,24,15.842771
-0.20318,24,15.855377
2.347229,24,15.873036
0.206617,24,15.880694
0.934605,24,15.90639
0.952163,24,15.919679
1.485583,24,15.933139
0.431253,24,15.942789
0.817783,24,15.960702
0.932688,24,15.973972
2.844085,24,15.98073
0.398495,24,15.9907
1.381205,24,16.009886
0.619357,24,16.023073
0.543805,24,16.03704
1.445151,24,16.049698
0.639564,24,16.064753
-0.954927,24,16.073086
-0.027055,24,16.087948
-1.172043,24,16.102172
-0.226422,24,16.119687
0.221316,24,16.136046
1.216701,24,16.149044
2.089412,24,16.16073
-0.94553,24,16.172125
0.337969,24,16.190844
2.559751,24,16.206133
2.412373,24,16.21079
1.763487,24,16.230776
-0.736872,24,16.2428
0.065584,24,16.25849
-0.860787,24,16.269032
0.789329,24,16.280803
0.183507,24,16.290718
1.314101,24,16.309683
-0.811879,24,16.324099
1.905774,24,16.339633
2.609063,24,16.349121
0.040893,24,16.360768
-0.83011,24,16.375872
0.830818,24,16.39072
1.51561,24,16.404447
1.388527,24,16.418749
1.216615,24,16.430724
-0.178552,24,16.448389
-0.309272,24,16.460699
-2.328273,24,16.472092
0.244099,24,16.480799
0.46125,24,16.490721
0.965466,24,16.509808
0.904256,24,16.52547
1.04005,24,16.538355
-1.179299,24,16.55326
-0.703771,24,16.560634
1.152975,24,16.579696
-0.257759,24,16.590785
0.876789,24,16.614442
-1.088135,24,16.622595
1.431534,24,16.635876
-0.117546,24,16.65193
1.608993,24,16.659779
1.015212,24,16.672085
1.63199,24,16.68809
0.177462,24,16.700026
1.739981,24,16.710694
-1.556343,24,16.722054
0.002881,24,16.736307
0.779944,24,16.749702
-1.753113,24,16.760036
0.767578,24,16.773039
1.650876,24,16.78066
-1.157203,24,16.79064
0.47039,24,16.800823
-0.261463,24,16.808469
-1.120664,24,16.818502
-0.821044,24,16.822016
1.18592,24,16.839651
1.697582,24,16.843236
-1.017311,24,16.855501
-0.584923,24,16.86064
1.243012,24,16.873303
0.482157,24,16.881781
1.382965,24,16.8929
0.493873,24,16.908515
0.773515,24,16.921715
2.646479,24,16.93587
2.088977,24,16.948933
1.226084,24,16.960324
-0.639609,24,16.978812
2.098972,24,16.990699
0.2968,24,17.00348
0.655555,24,17.011373
1.181405,24,17.030793
1.010704,24,17.043318
-2.498928,24,17.054462
-0.136528,24,17.059907
-0.364533,24,17.080809
1.180324,24,17.090719
1.179991,24,17.106369
0.021684,24,17.110729
0.444701,24,17.130728
1.716434,24,17.142375
2.134344,24,17.16126
2.421309,24,17.174386
-0.106956,24,17.190804
0.166579,24,17.205414
0.757875,24,17.210705
0.248541,24,17.228721
1.061752,24,17.243352
1.129569,24,17.259685
0.072746,24,17.274409
0.277234,24,17.287006
0.235024,24,17.298726
-0.645615,24,17.30637
0.179446,24,17.310657
-1.598406,24,17.322022
0.186732,24,17.330731
1.668214,24,17.339704
2.20872,24,17.342294
1.526018,24,17.350695
-0.535162,24,17.360678
-0.111771,24,17.372
0.638338,24,17.381685
0.378708,24,17.390769
-0.811278,24,17.408473
0.607559,24,17.410711
-0.253039,24,17.431559
2.070039,24,17.442372
1.943862,24,17.458512
-0.506817,24,17.471014
1.213758,24,17.480729
-1.346237,24,17.490758
-1.243288,24,17.510701
-1.294211,24,17.522055
1.834403,24,17.530701
-0.598798,24,17.543343
0.411352,24,17.559698
-0.221312,24,17.572042
0.888014,24,17.580806
0.187187,24,17.599356
2.228234,24,17.609948
-1.076994,24,17.628618
2.499976,24,17.640766
1.077476,24,17.655379
-1.092949,24,17.671006
1.626632,24,17.680731
1.280473,24,17.691028
-0.055472,24,17.711079
-0.0471,24,17.722001
1.320217,24,17.740731
3.542421,24,17.750727
-0.329085,24,17.761584
0.374473,24,17.780769
1.252452,24,17.791378
1.607156,24,17.80081
1.826165,24,17.810717
1.160538,24,17.831263
1.557214,24,17.842375
0.706527,24,17.850733
1.590342,24,17.860101
-0.820773,24,17.880694
-0.037527,24,17.89349
-0.542926,24,17.900724
1.971009,24,17.910719
1.585222,24,17.930552
0.723484,24,17.943475
2.339295,24,17.958523
0.286569,24,17.968952
0.57842,24,17.981098
0.667731,24,17.990677
1.135552,24,17.999681
0.15586,24,18.009682
1.584566,24,18.025375
3.005168,24,18.035781
0.304783,24,18.048664
-0.41411,24,18.060729
0.374417,24,18.07206
0.547061,24,18.08648
0.594011,24,18.099037
0.679084,24,18.11081
0.44633,24,18.129702
2.004633,24,18.14078
-1.258331,24,18.15344
-0.943526,24,18.160732
0.313471,24,18.178679
-0.306458,24,18.190699
-1.364236,24,18.205424
1.375033,24,18.21978
2.531064,24,18.236208
1.156925,24,18.249069
1.938502,24,18.26073
-1.382472,24,18.272043
-1.339545,24,18.285842
-0.154426,24,18.299703
2.486464,24,18.312121
1.632591,24,18.322054
0.356546,24,18.339694
-1.487559,24,18.350731
1.006933,24,18.360703
0.287926,24,18.377179
0.690155,24,18.390726
1.17553,24,18.403497
-0.514692,24,18.41073
0.705724,24,18.42204
0.42523,24,18.440773
1.465471,24,18.455933
-0.297279,24,18.468764
-0.647095,24,18.484742
0.615429,24,18.500678
-0.412674,24,18.511883
1.063482,24,18.518634
-1.071426,24,18.523265
1.276135,24,18.529783
2.085322,24,18.542789
1.829279,24,18.548973
1.194275,24,18.556206
2.539026,24,18.562155
2.438611,24,18.573436
2.210391,24,18.589441
1.121475,24,18.600685
1.303394,24,18.613014
0.18198,24,18.621864
1.507593,24,18.629673
0.28622,24,18.637609
1.908152,24,18.648714
1.288952,24,18.659876
0.099674,24,18.668449
1.925522,24,18.672892
0.421842,24,18.693288
2.231354,24,18.701356
0.788469,24,18.711962
-0.581436,24,18.720887
1.357523,24,18.735947
1.3254,24,18.743304
1.31832,24,18.750663
0.380863,24,18.761965
1.373715,24,18.772855
-0.394117,24,18.784495
0.950359,24,18.790703
-0.703946,24,18.800694
-2.330901,24,18.812163
-1.367136,24,18.830627
2.492731,24,18.84059
2.915668,24,18.848663
-0.932389,24,18.860632
1.749698,24,18.860632
-0.547624,24,18.873814
0.382983,24,18.880676
-0.951178,24,18.892699
0.005274,24,18.898932
-1.324009,24,18.905307
0.073755,24,18.910728
1.310715,24,18.92196
0.710072,24,18.931202
-1.498162,24,18.938855
2.19705,24,18.948801
0.746418,24,18.960702
1.603889,24,18.96875
2.676603,24,18.980692
-0.575657,24,18.990692
0.67199,24,19.005347
0.941888,24,19.010721
-0.726965,24,19.028592
-0.049848,24,19.040707
0.734136,24,19.050745
1.196323,24,19.060695
0.968206,24,19.0834
0.077692,24,19.090796
2.174364,24,19.109661
1.749755,24,19.122064
0.294742,24,19.130755
-1.493851,24,19.139682
1.334619,24,19.150737
-0.652196,24,19.160694
-0.070225,24,19.174959
2.788955,24,19.18072
-0.707322,24,19.199687
1.607698,24,19.210822
1.846886,24,19.221945
0.695025,24,19.240108
1.172602,24,19.255498
0.529666,24,19.260765
1.672966,24,19.280732
-1.101224,24,19.290703
1.538436,24,19.3097
2.046225,24,19.321
0.93425,24,19.332626
-0.116443,24,19.347388
0.416185,24,19.360704
0.59692,24,19.374611
0.763259,24,19.390702
2.214247,24,19.400771
1.121971,24,19.418439
-0.384289,24,19.430714
1.756132,24,19.440798
2.366605,24,19.450742
2.427682,24,19.460745
0.92362,24,19.480735
1.847897,24,19.496789
0.640368,24,19.510728
0.74711,24,19.521714
3.15009,24,19.538593
0.282411,24,19.544181
0.962733,24,19.555647
0.889608,24,19.565562
1.357159,24,19.57713
1.002457,24,19.587482
2.184103,24,19.608978
-0.425379,24,19.623291
0.161491,24,19.639644
-0.63478,24,19.648711
1.850161,24,19.65535
1.127944,24,19.661527
1.81724,24,19.672205
-0.525516,24,19.686522
1.086262,24,19.692069
0.662057,24,19.705229
-0.082025,24,19.710644
-0.332355,24,19.718689
1.633077,24,19.723446
0.691755,24,19.736007
0.656607,24,19.740695
2.068113,24,19.75066
-0.387112,24,19.760952
2.2694,24,19.770676
1.434147,24,19.771875
2.048195,24,19.788526
-0.456755,24,19.79073
0.618003,24,19.80629
0.888965,24,19.811329
-1.253118,24,19.82187
-0.157319,24,19.828454
1.420057,24,19.838608
2.094878,24,19.844788
-0.893075,24,19.852439
-1.257167,24,19.863264
1.825338,24,19.877204
0.290366,24,19.896668
0.614397,24,19.91123
0.056817,24,19.924164
-0.341514,24,19.935993
1.591845,24,19.944804
0.615824,24,19.956306
1.987568,24,19.965421
2.317416,24,19.97965
1.022251,24,19.990806
1.226259,24,20.001835
0.310637,24,20.009888
2.638311,24,20.021907
1.018617,24,20.035814
1.373106,24,20.044766
0.020895,24,20.048791
2.291604,24,20.058774
1.145418,24,20.063783
1.080636,24,20.073042
1.183212,24,20.079645
0.369753,24,20.090374
0.525232,24,20.101006
2.567273,24,20.109637
1.500921,24,20.110635
-0.406381,24,20.128444
-1.339831,24,20.140983
-0.61153,24,20.155513
2.65608,24,20.160641
1.567637,24,20.180646
0.614817,24,20.192429
0.817331,24,20.200641
0.666302,24,20.209668
0.260971,24,20.221841
-0.556018,24,20.230671
2.405135,24,20.239609
-1.407906,24,20.24844
0.352363,24,20.260635
-1.828314,24,20.268943
1.217845,24,20.272815
-0.486076,24,20.288746
1.194135,24,20.300888
1.1222,24,20.31068
1.522191,24,20.318845
1.611289,24,20.323121
-0.274951,24,20.339726
0.113825,24,20.348884
-0.584277,24,20.355255
0.798269,24,20.36067
1.524851,24,20.371876
0.876555,24,20.388474
0.733406,24,20.403545
0.616772,24,20.410659
1.039964,24,20.421905
2.437905,24,20.435858
0.942221,24,20.440635
-1.603249,24,20.45066
-1.000946,24,20.46069
0.733034,24,20.468994
1.982852,24,20.476233
0.09322,24,20.479851
-0.872995,24,20.490682
-0.947272,24,20.500681
-1.289817,24,20.510669
0.559533,24,20.519844
1.533,24,20.530641
-0.122201,24,20.538553
-1.352486,24,20.547882
0.437418,24,20.555228
1.167326,24,20.560695
1.889904,24,20.572368
0.985018,24,20.581526
-0.279847,24,20.590665
1.381962,24,20.600677
0.135111,24,20.608818
2.302602,24,20.61155
1.940456,24,20.623165
1.555391,24,20.637512
2.397344,24,20.647409
0.770547,24,20.656167
3.055652,24,20.659727
0.463422,24,20.671768
1.008121,24,20.680661
1.057663,24,20.690656
0.30325,24,20.697651
1.485274,24,20.70524
1.179075,24,20.711984
2.612851,24,20.721889
0.486387,24,20.729531
-1.186173,24,20.739686
2.394534,24,20.750627
3.209919,24,20.760653
0.3434,24,20.769848
1.474481,24,20.780644
1.152988,24,20.790799
2.115941,24,20.798759
-0.249331,24,20.809679
0.812955,24,20.821847
1.848012,24,20.830664
-0.361208,24,20.840731
1.794671,24,20.851409
-0.193661,24,20.860697
0.837882,24,20.871248
0.14713,24,20.878779
1.922945,24,20.889673
2.897491,24,20.900635
0.904471,24,20.910675
-0.213931,24,20.923011
2.445261,24,20.933781
0.93592,24,20.945356
0.520745,24,20.954249
2.531845,24,20.960667
2.567578,24,20.971929
2.554163,24,20.988628
-0.368151,24,20.994089
-2.000555,24,21.006243
-0.485905,24,21.010672
1.167891,24,21.028419
-0.043481,24,21.040125
-0.297834,24,21.05064
0.792147,24,21.060443
-0.004763,24,21.073112
0.671613,24,21.083031
1.498938,24,21.090663
1.689763,24,21.105193
-0.694313,24,21.110693
0.242728,24,21.124308
0.237588,24,21.135962
0.840218,24,21.147539
-0.785393,24,21.160738
0.552151,24,21.170892
0.39596,24,21.181495
0.55915,24,21.190683
0.501902,24,21.20421
-0.218619,24,21.213141
1.935188,24,21.22267
1.641586,24,21.23069
-0.863726,24,21.24071
-2.073103,24,21.250679
0.956105,24,21.260643
0.301073,24,21.271875
2.818416,24,21.285811
0.561791,24,21.290674
1.608817,24,21.306361
-0.054217,24,21.313596
-0.431868,24,21.330893
1.485381,24,21.340779
-1.202922,24,21.350683
-0.766149,24,21.360649
0.456452,24,21.371843
0.748903,24,21.385846
1.677781,24,21.394145
0.327449,24,21.405163
-0.483563,24,21.418572
-1.741592,24,21.42867
-0.835702,24,21.438825
0.853828,24,21.448431
1.084454,24,21.4628
0.735268,24,21.473774
-0.066085,24,21.480696
0.230711,24,21.490643
1.356574,24,21.499885
0.571015,24,21.510668
0.918527,24,21.520868
0.751244,24,21.529675
1.696788,24,21.540689
1.10544,24,21.555251
0.703975,24,21.559719
1.297423,24,21.588534
-0.021268,24,21.604115
0.015744,24,21.622158
-0.006919,24,21.635832
0.67046,24,21.654222
-0.003531,24,21.67399
-0.150464,24,21.685799
-1.175007,24,21.698614
-2.128016,24,21.710684
1.519782,24,21.72968
0.62659,24,21.739801
1.670049,24,21.756099
1.620035,24,21.768911
0.618072,24,21.780752
3.033135,24,21.790739
2.883136,24,21.810717
1.581038,24,21.828628
1.040073,24,21.846414
-0.581316,24,21.861759
-0.861785,24,21.871874
2.424839,24,21.889692
0.898161,24,21.909892
1.875227,24,21.924837
1.434812,24,21.938632
-0.739066,24,21.949676
0.994758,24,21.970626
2.503642,24,21.985748
-1.326451,24,22.00021
-1.173866,24,22.013883
1.280511,24,22.030699
-0.062731,24,22.040678
2.544606,24,22.056227
1.16145,24,22.069899
-0.691674,24,22.080701
0.411621,24,22.098609
-1.218666,24,22.110748
-0.692872,24,22.130252
0.954966,24,22.146419
-0.991803,24,22.161202
1.599908,24,22.171749
-2.168886,24,22.188528
-1.679682,24,22.200735
1.667885,24,22.210246
-0.9608,24,22.230691
1.138297,24,22.240758
2.214721,24,22.260687
1.192509,24,22.271753
-1.593735,24,22.290753
-0.436546,24,22.310683
1.62822,24,22.334287
-0.613271,24,22.350691
0.999049,24,22.37378
0.540012,24,22.396008
1.996465,24,22.410667
-0.371065,24,22.422789
-0.594054,24,22.438737
-0.249233,24,22.452684
0.061941,24,22.460051
-0.880077,24,22.479654
2.498291,24,22.490851
2.237808,24,22.504118
0.967509,24,22.510806
-1.703849,24,22.522016
3.363206,24,22.536269
1.220899,24,22.548645
0.611956,24,22.560661
0.249929,24,22.560661
2.663425,24,22.581763
0.677887,24,22.590699
-0.881132,24,22.60513
-0.766688,24,22.61076
0.736342,24,22.622001
0.459864,24,22.640772
0.792378,24,22.660688
2.718497,24,22.669662
-0.724488,24,22.680642
-0.62325,24,22.690635
0.983368,24,22.704337
0.483005,24,22.713115
-0.221551,24,22.724996
1.203753,24,22.7359
1.552864,24,22.749651
-0.323191,24,22.759639
2.239282,24,22.759639
0.229246,24,22.77888
0.96026,24,22.790718
-0.352861,24,22.800642
1.204048,24,22.810632
-0.129151,24,22.810632
-0.338999,24,22.830653
1.288747,24,22.839705
1.592178,24,22.848774
-0.968848,24,22.860711
0.410821,24,22.872194
1.108832,24,22.879846
1.19755,24,22.895943
1.890352,24,22.908658
-0.502556,24,22.920682
-0.172514,24,22.930653
3.106349,24,22.940657
0.30386,24,22.95477
-0.051141,24,22.972302
-0.665576,24,22.980636
-0.39013,24,22.991634
0.317279,24,23.010687
-0.33702,24,23.029644
0.978741,24,23.046194
0.234239,24,23.056082
1.262332,24,23.060659
0.295753,24,23.081625
0.542109,24,23.092098
2.868967,24,23.108607
0.86218,24,23.121711
2.033979,24,23.13843
1.862892,24,23.150689
1.225712,24,23.168153
1.985587,24,23.189884
-1.649062,24,23.210427
-0.555747,24,23.228596
-1.359991,24,23.23877
1.077349,24,23.250658
0.133381,24,23.260698
0.557901,24,23.279721
2.368965,24,23.290709
2.833863,24,23.310661
0.919606,24,23.328697
-0.005342,24,23.340643
1.550508,24,23.360686
0.770674,24,23.372246
3.250389,24,23.385753
1.683453,24,23.39063
0.89728,24,23.408563
2.048381,24,23.410665
2.629278,24,23.429646
0.611444,24,23.437376
-0.055881,24,23.440652
1.169868,24,23.456452
0.475704,24,23.461688
0.374236,24,23.471746
1.086959,24,23.485916
1.2611,24,23.500754
0.043826,24,23.543035
1.499018,24,23.556065
1.366717,24,23.569622
-0.515661,24,23.580938
1.631505,24,23.59064
1.684632,24,23.59064
1.089385,24,23.605043
2.296149,24,23.609641
0.117442,24,23.622765
-0.496926,24,23.628799
1.363049,24,23.640937
0.674938,24,23.65065
0.33211,24,23.660649
0.952467,24,23.668725
0.760719,24,23.671997
0.802952,24,23.686172
-0.581899,24,23.691277
0.300166,24,23.705134
-1.405278,24,23.710643
2.567995,24,23.723125
0.467166,24,23.739996
0.475717,24,23.750825
-1.443864,24,23.760992
0.241203,24,23.771744
0.980154,24,23.78965
-1.475706,24,23.790648
1.959744,24,23.809494
-0.739731,24,23.810678
-0.147427,24,23.822746
1.473767,24,23.83022
-0.272451,24,23.842715
1.256978,24,23.850673
-0.113032,24,23.862151
1.5357,24,23.871776
1.19072,24,23.891862
-0.128307,24,23.927006
-1.29916,24,23.949589
-0.83918,24,23.969543
1.306644,24,23.990847
-1.458286,24,24.008791
2.253978,24,24.030734
1.38808,24,24.047019
0.604938,24,24.060742
-0.564638,24,24.081827
-0.031871,24,24.106138
1.336888,24,24.12171
2.476053,24,24.133841
1.302916,24,24.154903
1.384759,24,24.174962
-0.757164,24,24.19095
-0.036174,24,24.208872
2.172645,24,24.221932
2.612593,24,24.249719
-1.63034,24,24.275847
0.630464,24,24.290778
1.795476,24,24.31074
-1.168906,24,24.329626
-0.954629,24,24.347691
-0.872492,24,24.365963
0.731102,24,24.380826
2.736033,24,24.408863
-0.988419,24,24.421814
2.05085,24,24.438463
0.263689,24,24.456112
0.998838,24,24.482811
0.930108,24,24.498612
-0.538902,24,24.510743
0.116252,24,24.530803
2.176434,24,24.549856
0.265424,24,24.56077
1.761447,24,24.584822
0.117822,24,24.599985
-0.885076,24,24.624323
0.767197,24,24.639911
-1.729438,24,24.656206
-0.405676,24,24.670102
-0.765044,24,24.690747
-0.893023,24,24.709763
3.004807,24,24.722748
0.984991,24,24.739604
1.710938,24,24.760732
2.147066,24,24.771812
1.40097,24,24.79074
-0.519072,24,24.810745
-0.49696,24,24.839822
1.588187,24,24.854126
-1.262773,24,24.868536
0.952848,24,24.886189
2.299283,24,24.910908
-1.471568,24,24.930759
0.59916,24,24.941296
0.122416,24,24.976446
0.474135,24,24.997517
1.164933,24,25.009874
0.520024,24,25.024654
1.042179,24,25.029693
0.401397,24,25.050645
2.433959,24,25.060658
0.516795,24,25.068877
0.000373,24,25.071657
-0.373953,24,25.080744
1.839187,24,25.090861
2.157444,24,25.099663
0.674605,24,25.108553
-2.137984,24,25.120171
0.536659,24,25.129626
-0.679349,24,25.136153
0.925434,24,25.147131
1.98907,24,25.155022
0.052656,24,25.160676
0.456164,24,25.171651
-0.139386,24,25.180659
0.907639,24,25.190663
2.038311,24,25.205572
1.615602,24,25.210665
1.197848,24,25.222621
1.569058,24,25.235874
0.418706,24,25.240741
1.571634,24,25.256546
1.014655,24,25.260831
0.900951,24,25.280738
1.739211,24,25.290731
1.171329,24,25.309688
2.954644,24,25.328036
2.113891,24,25.348732
1.510683,24,25.36529
2.246193,24,25.393447
1.169459,24,25.412564
0.630479,24,25.430734
0.896717,24,25.446968
0.113379,24,25.458714
1.192164,24,25.472683
0.901783,24,25.488837
1.519428,24,25.50071
0.450236,24,25.513615
-0.581057,24,25.522819
0.672721,24,25.541434
1.626256,24,25.554086
-0.689319,24,25.564214
0.886559,24,25.58074
1.484815,24,25.592251
0.585734,24,25.60866
0.638545,24,25.624092
2.852018,24,25.636001
2.4079,24,25.649817
2.742905,24,25.660736
1.155586,24,25.67506
-1.8316,24,25.688372
-0.277403,24,25.705668
-0.198538,24,25.713173
0.819503,24,25.72184
3.361909,24,25.730689
1.252385,24,25.740662
1.826359,24,25.750667
0.203983,24,25.758576
0.193483,24,25.765007
1.866648,24,25.77215
-0.015503,24,25.780676
1.183053,24,25.785729
1.430005,24,25.791297
1.565603,24,25.804981
-0.007437,24,25.810672
1.524743,24,25.823276
0.554611,24,25.833862
1.554917,24,25.848563
0.754506,24,25.860788
1.508047,24,25.872937
-1.329273,24,25.880738
0.943931,24,25.899981
-0.354771,24,25.910735
1.008976,24,25.921715
0.597474,24,25.937251
1.677034,24,25.950748
1.060868,24,25.960735
1.976295,24,25.972246
-0.443446,24,25.989389
1.889305,24,26.004026
-1.096619,24,26.01071
-0.131875,24,26.030703
-0.339999,24,26.040778
1.646902,24,26.058512
0.60745,24,26.072199
-0.092457,24,26.090416
-2.048602,24,26.104025
1.428383,24,26.118935
2.596502,24,26.13519
1.819575,24,26.147911
0.623267,24,26.156009
-0.018332,24,26.161937
1.967083,24,26.171705
0.196288,24,26.18073
1.166022,24,26.190661
1.671922,24,26.200674
0.471625,24,26.208846
1.364762,24,26.209873
1.083714,24,26.221706
1.751506,24,26.236345
2.8351,24,26.240632
-0.3094,24,26.255237
-0.059868,24,26.260738
-1.719229,24,26.271624
-0.144033,24,26.288389
0.710517,24,26.290676
0.546593,24,26.305999
0.309416,24,26.32095
0.105768,24,26.330735
2.304381,24,26.340731
0.54009,24,26.359783
0.276796,24,26.372732
-0.065573,24,26.385818
1.960508,24,26.398471
-0.776293,24,26.405967
2.104188,24,26.421896
1.004706,24,26.430704
0.985797,24,26.439687
1.599029,24,26.45401
0.861896,24,26.469514
2.703206,24,26.480729
2.224324,24,26.49072
0.50957,24,26.505073
0.422628,24,26.51888
0.66919,24,26.530707
0.893296,24,26.540695
2.448545,24,26.555535
2.576034,24,26.572609
-0.62852,24,26.579829
0.724372,24,26.598741
0.756716,24,26.609891
0.681768,24,26.630855
2.422114,24,26.640804
0.60081,24,26.655986
0.591121,24,26.660708
0.835968,24,26.680713
1.549019,24,26.690737
-0.811357,24,26.709699
0.038465,24,26.723026
0.290618,24,26.737333
-0.200176,24,26.749679
1.750811,24,26.760709
1.698487,24,26.776491
-0.730019,24,26.790699
-1.211926,24,26.800738
-0.981135,24,26.818578
-0.207943,24,26.829705
0.701694,24,26.840774
0.215279,24,26.855051
-0.022741,24,26.860738
1.89379,24,26.880737
2.544026,24,26.899065
0.386454,24,26.908575
-0.922141,24,26.922072
0.703706,24,26.935816
0.788063,24,26.950735
-1.724714,24,26.960738
1.572495,24,26.973012
0.777229,24,26.988309
0.969721,24,27.003986
-0.104622,24,27.018698
0.504323,24,27.030732
1.278531,24,27.040808
-0.009495,24,27.056005
1.099094,24,27.068906
0.501761,24,27.080736
0.0468,24,27.090684
2.396634,24,27.100686
0.776024,24,27.110705
1.82819,24,27.120703
-0.199258,24,27.138271
1.4385,24,27.152048
-0.96793,24,27.163437
0.09682,24,27.172589
0.331408,24,27.180788
-1.13053,24,27.19077
2.115449,24,27.212315
1.416839,24,27.222292
2.479925,24,27.230964
1.285774,24,27.240718
-0.511482,24,27.256033
1.155913,24,27.269016
1.088592,24,27.280809
1.47666,24,27.290702
0.611955,24,27.308481
-0.309252,24,27.319336
2.476721,24,27.330736
-1.475665,24,27.34071
0.823862,24,27.359705
-1.858457,24,27.372259
1.248866,24,27.385942
1.304685,24,27.404266
1.107188,24,27.410651
-0.389416,24,27.419538
